,News,All,SVO
0,20150709_400,超商冰品銷售戰廝殺！全家明起推北海道哈密瓜霜淇淋連鎖超商全家()為擴大搶攻暑期冰品銷售旺季，宣布將於明(10)日起於全台1800家店舖同步開賣「北海道哈密瓜霜淇淋」，而在活動期間購買新口味「北海道哈密瓜霜淇淋」，還能獲得Fami霜淇淋APP點數加倍贈好康。據《網路溫度計》6月最新調查「不吃後悔！網友嚴選10款必吃冰淇淋」指出，全家便利商店Fami霜淇淋因高CP值加上綿密口感、不定期的季節口味，打敗各大霜淇淋販售通路，成為網友最愛霜淇淋。全家便利商店鮮食部部長林純如表示，觀察發現台灣消費者喜愛在夏季品嚐水果口味霜淇淋，且較偏好清爽口感，因此，今年夏天將瞄準水果系列霜淇淋，首波推出「北海道哈密瓜霜淇淋」，搶攻消費者味蕾。全家北海道哈密瓜霜淇淋，售價35元，選用日本北海道三大最有名的哈密瓜之一的雷電哈密瓜，特色為甜度醇厚、果汁含量豐富，肉質細膩，而這次新品最大特色為「細密冰沙感」，藉由完整保有新鮮水果的清新口感搶攻消費者的味蕾。,"[['超商冰品', '銷售', '超商冰品'], ['全家', '推', '全家'], ['全家推全家', '爲', '擴大冰品銷售旺季'], ['Fami霜淇淋APP點數', '贈好', '康'], ['網友', '選', '喫冰淇淋'], ['Fami霜淇淋', '加上', '綿密口感'], ['便利商店鮮食部部長', '林純如', '表示'], ['臺灣消費者', '喜愛', '品嚐霜淇淋'], ['特色', '爲', '醇厚'], ['最大特色', '爲', '細密冰沙感'], ['完整', '保有', '新鮮水果']]"
0,20150709_401,群創6月合併營收月減3.3% 各尺寸面板出貨均降群創()6月合併營收301.57億元，較5月合併營收312億元減少3.3%，較去年同期365.55億元減少17.5%，合計第2季合併營收938億元，較去年同期減少15.6%，較第1季1002億元減少6.4%；累計上半年合併營收1939.13億元，較去年同期2006.23億元減少3.34%。群創6月大尺寸合併出貨量共計1011萬片，較5月減少6.6%；中小尺寸合出貨量共計1856萬片，較5月減少3.7%；第2季大尺寸合併出貨量共計3100萬片，較第1季出貨量3164萬片減少2%；中小尺寸合併出貨量共計5610萬片，較第1季出貨量6189萬片相比減少9.3%。群創現金股利0.7元今日除息，台股早盤一度重挫逾200點，群創股價以13.5元小紅開出後一度翻黑，但在買盤進場下最高衝達14.1元，逼近完全填息，終場則以13.95元作收，上漲0.5元，成交99147張。群創第2季營收略低於法人原預估的千億元水準，群創預計7月30日召開第2季線上法人說明會，公布第2季獲利及第3季展望。,"[['365.55億元', '減少', '17.5%'], ['第1季1002億元', '減少', '6.4%'], ['合出貨量', '共計', '1856萬片'], ['3164萬片出貨量', '共計', '3100萬片'], ['中小尺寸合併出貨量', '共計', '5610萬片'], ['0.7元', '除息', '現金股利'], ['臺股早盤重挫', '逾', '200點'], ['營收略', '低於', '千億元水準'], ['羣創預計', '召開', '法人說明會']]"
0,20150709_402,鉅亨晚報 2015年7月9日■根據周三發布的一封要求歐洲夥伴提供紓困基金的信件指出，希臘承諾下周將實施退休金與稅務改革，做為獲得三年紓困貸款，履行債務責任的第一步。在政府發布的致歐洲紓困基金的信件中，希臘還保證將履行金融責任，並於周四公布改革提案細節，供債權機構評估。■紐約證券交易所 NYSE 8日出現異常狀況，交易全面停擺，至台北時間凌晨 03:10 左右才恢復正常交易。NYSE Art Cashin 表示今天系統出了點技術問題，導致無法跟其他交易所正常連線，交易因而全面停擺，所有在暫停交易期間下的訂單都會被取消。■根據周三公布的美國央行會議記錄顯示，今年具有投票權的10位Fed官員中，僅有1位支持於6月升息，但該官員表示願意再等待一次或二次會議。■陸股昨天(8日)收盤大跌了5.9%，早盤跌幅一度達8%，為了搶救股市，中國證監會昨天晚上緊急於官方網站宣布，將限制持股5%以上的大股東及董監未來6個月都不得賣出持股，違者將嚴遭懲處。中國股市近期的崩跌已經引起全球關注，市場更擔心這波大跌的影響擴大，最後恐引發新一波的全球金融危機。■台股近日累計大跌千點，金管會主委曾銘宗今(9)日對此表示，不會產生國際性系統風險，台灣上市櫃公司今年前5月營收表現基本面良好，外資也無大幅匯出，只要股市量能回來就可以止跌。對於有意進場股市投資的金融業者，金管會樂觀其成。■《Bloomberg》報導，微軟宣布將裁員 7800 人，並減記諾基亞 () 手機事業部門相關資產規模 76 億美元。■兌美元週三 (8 日) 創下今年來單日最大漲幅，週四亞洲匯市早盤繼續挺住。因中國股市陷入恐慌拋售，引發全球股市大跌，投資人趕緊將空頭部位平倉，帶動強升。■南韓央行周四調降今年的成長預期，凸顯這個亞洲第四大經濟體面臨強勁的經濟阻力。■筆電市場今年成長動能再拉警報，品牌大廠華碩()宣布，調降今年筆電出貨總量預估，從2280萬台降到2000萬台，降幅達12%，手機出貨則維持1700-2500萬支目標，華碩強調，7月筆電出貨低迷，手機也進入平台轉換，因此營收恐較6月下滑，旺季不旺是往年未見，利空衝擊華碩股價，盤中重摔逾6%，跌到271元創波段低點。■陸股已經連續 4 周大跌，市場也開始討論中國對的需求是否會因此上升，因為近期需求下滑便是因為陸股大漲，使得中國當地資金都轉移到股市所致。如今，中國已從高點回跌超過 30%，投資人說不定會將資金撤出股市，再轉回上面。但專家並不這麼認為，反而認為投資人因為股市虧錢，對於再投資的需求只會更低。(接下頁)■日本5月份核心機械訂單季調後意外月增 0.6%，顯示國內企業可能正增加資本支出。■中國6月CPI年增 1.4%，PPI年減4.8%，連續 40 個月為負值。■澳洲 6 月份失業率上升至 6.0%，低於預期。前月數據下修至 5.9%。■台灣9日收盤下跌61.98 點或0.69 %，報8914.13 點，成交金額1290.01億元。■台股今(9)日三大法人集中市場賣超149.57億，外資賣超132.82億，投信賣超7.98億，自營商自行買賣買超0.80億，自營商避險賣超9.56億。■日經225指數9日收盤上漲 117.86 點或 0.6%，報 19855.50 點，開盤 19422.78 點。■韓國Kospi指數收盤上漲 11.60 點或 0.58%，報 2027.81 點，開盤 2000.19 點。■澳洲S&P/ASX 200指數收盤上漲 1.47 點或 0.03%，報 5471.00 點，開盤 5469.50 點。■報3709.33點，上漲202.14點，漲幅5.76%，成交6733億元；深成指報11510.34點，上漲469.45點，漲幅4.25%，成交2776億元；創業板指報2435.76點，上漲71.71點，漲幅3.03%，成交583億元。■恒生指數漲3.73%，漲876點，報24392點，國企指數漲3.05%，漲339點，報11446點；紅籌指數漲6.76%，漲277點，報4388點。大市全日成交2120億港元。■9日收盤貶值 0.5 分，報 31.230 元兌1美元。成交金額為 8.68 億美元，全日振幅為 2.92 角。,"[['歐洲夥伴', '提供', '紓困基金'], ['歐洲夥伴', '提供', '紓困基金'], ['歐洲夥伴提供紓困基金信件', '指出', '實施退休金'], ['的', '致', '歐洲紓困基金'], ['希臘', '保證', '履行金融責任'], ['紐約證券交易所NYSE', '8日出', '異常狀況'], ['交易', '停', '擺'], ['NYSE Art Cashin', '表示', '系統出技術問題導致擺'], ['系統', '出', '技術問題'], ['系統出技術問題', '導致', '擺'], ['在', '暫停', '交易'], ['美國央行會議記錄', '顯示', '該官員表示願意等待一次二次會議'], ['今年', '具有', '投票權'], ['1位', '支持於', '升息'], ['該官員', '表示', '願意等待一次二次會議'], ['願意', '等待', '一次二次會議'], ['早盤跌幅', '達', '8%'], ['將', '限制', '5%以上'], ['違者', '嚴遭', '懲處'], ['崩跌', '引起', '全球關注'], ['市場', '擔心', '擴大'], ['對於', '有意', '進場股市投資'], ['微軟', '宣佈', '7800人'], ['中國股市', '陷入', '恐慌拋售'], ['今年成長預期', '凸顯', '第四大經濟體面臨經濟阻力'], ['第四大經濟體', '面臨', '經濟阻力'], ['成長動能拉警報', '宣佈', '預估'], ['降幅', '達', '12%'], ['手機', '進入', '平臺'], ['市場', '開始', '討論對需求上升'], ['高點回跌', '超過', '30%'], ['投資人', '撤出', '股市'], ['專家', '認爲', '認爲低'], ['股市', '虧', '錢'], ['(', '接', '下頁'], ['增', '顯示', '國內企業增加資本支出'], ['國內企業', '增加', '資本支出'], ['PPI', '年減', '4.8%'], ['6月份失業率', '上升至', '6.0%'], ['日經225指數', '上漲', '117.86點'], ['紅籌指數', '漲', '6.76%'], ['大市', '成交', '2120億港元'], ['成交金額', '爲', '8.68 億美元']]"
0,20150709_403,群益期貨台股期權盤後－下跌空間滿足  台股弱勢整理◆盤勢分析台股今天還是繼續反映利空，往下摜壓，成交量縮減至一千兩百多億，不過在K棒拉了一根長下影線，短線上滿足了跌幅滿足點，不過由於下跌的斜率相當大，以目前的局勢除非希臘與中國的危機解除，否則出現V轉的機率並不大，那麼就會像六月初那樣偏弱的震盪局面，修正乖離。外資期貨空單今天稍稍增加；自營商也依舊偏空操作，主要增加賣出買權，逐漸平倉買進賣權的部位，以收權利金的方式布局空單。7月份選擇權籌碼中，整體賣權OI小於買權OI的口數大幅擴增至十八萬兩千多口，是偏空的結構，買權OI布局下移到9000點。綜合以上，買權OI增加相當快的履約價是9000點，再加上前波低點約在9000點的位置，因此就算修正怪離反彈至9000點還是容易會遇到極大的反壓，況且目前下跌的斜率相當大，需要先震盪修復。,"[['下跌空間', '滿足', '  臺股整理'], ['盤勢分析臺股', '反映', '利空'], ['成交量', '縮減至', '一千兩百多億'], ['否則', '出現', 'V轉'], ['自營商', '偏', '操作'], ['整體賣權OI', '小於', '買權OI口數擴增'], ['買權OI口數', '擴增至', '十八萬兩千多口'], ['快履約價', '是', '9000點'], ['前波低點', '在', '9000點位置']]"
0,20150709_404,富喬今年以來月營收維持4億元 6月創史上次高正處於執行買回庫藏股期間的PCB上游玻纖廠富喬工業()今天盤後公布6月營收為4.4億元，較5月的4.18億元成長5.21%，為歷史單月次高營收，而資料也顯示，富喬工業在運用工業級及電子級玻纖紗市場的變化以靈活策略行銷，因而推動營收的成長。富喬工業2015年6月營收4.4億元較去年同月成長15.02%。累計2015年1-6月營收為25.17億元，年增率達12.92%。同時，富喬2015年第2季營收12.8億元，也較首季12.37億元成長3.47%。富喬工業股價今天收盤下跌0.05元或0.45%，以11元作收，成交量為2923張。富喬工業經董事會通過內執行買回6000張的庫藏股進行護盤，富喬工業對於此次執行買回自家股票將用於消除股本，而富喬股價走勢上今天放量留下影線作收。而富喬在2015年的電子級、工業級玻纖市場走穩同時，前6個月的單月營收都維持在4億元以上的高檔水準，呈現業績的穩定走勢。而富喬工業在2015年第1季財報稅後盈餘7730萬元，已超越2014年全年稅後盈餘的5386萬元；首季每股稅後盈餘0.19元，超越去年全年每股稅後盈餘0.13元，且為富喬連續3季的經營獲利。,"[['6月營收', '爲', '4.4億元'], ['富喬工業', '營收', '4.4億元'], ['營收', '爲', '25.17億元'], ['年增率', '達', '12.92%'], ['成交量', '爲', '2923張'], ['富喬工業', '用於', '消除股本'], ['6個月單月營收', '維持在', '高檔水準']]"
0,20150709_405,除紋新對策！訊聯「生技展」推高端革命性除紋新品台灣年度生技月大展7月23日開跑，訊聯生技()將展出以新專利技術為基礎所製備的系列保養品，包括醫美術後保養、傷口癒合及改善妊娠紋與生長紋等惱人紋路的身體保養品，並逐步與北、中、南多間皮膚科及醫美診所展開合作。據統計，2013年醫美產業全台產值高達480億美元，臨床上因妊娠紋、抽脂後受生長紋、萎縮紋困擾求診的比例約10%，訊聯長期關注傷口修復與癒合研究，應用新專利技術開發除紋新產品，針對惱人妊娠紋、色素沉澱及腹部鬆弛困擾的產後婦女及身體上有鬆弛紋路如生長紋、萎縮紋問題的客群提出對策，利用適合光電儀器等治療過後使用的術後保養品，並與皮膚科及醫美診所等通路緊密合作，讓民眾應用更多幹細胞技術帶來的幫助。訊聯耕耘幹細胞16年，不僅率先取得美國血庫學會AABB首張間質幹細胞跨國認證，更是業界唯一具備間質幹細胞體外培養促進傷口癒合技術新發明專利者，光是與傷口癒合相關的專利還有6項正核審中。訊聯表示，今年3月正式推出的臉部保養品「原生動能賦活精萃」，因為能將高滲透力載體和抗老關鍵成分─高純度活性複合因子，直接送達人體皮膚膠原蛋白、彈力蛋白大本營的「真皮層」，快速緊實、淡化細紋而獲好評，其技術正是衍生自間質幹細胞促進細胞生長與傷口癒合的新發明專利，可以更容易取得高純度細胞因子，由內而外改善肌膚問題。訊聯進一步表示，公司全力開發醫美術後修復新產品，逐步與北、中、南多間皮膚科及醫美診所展開合作，搭配使用不論是淡化色素或提升膚質明亮度，都有十分明顯的改善。訊聯指出，幹細胞應用與技術全球日益成熟，在細胞藥物發展上，除加拿大、韓國、歐盟開始核准間質幹細胞為治療產品外，美國FDA核准臨床三期實驗的間質幹細胞產品也從2011年的3個提高為2014年的15個，並取得快速審查地位，顯示FDA對間質幹細胞的看重與高度支持；而幹細胞修復肌膚、各式各樣傷口癒合的技術與應用也持續在全球擴大。,"[['生技展', '推', '月大展開跑'], ['訊聯生技', '展出', '系列保養品'], ['全臺產值', '高達', '480億美元'], ['開發', '除', '紋'], ['婦女上', '有', '鬆弛紋路'], ['客羣', '提出', '對策'], ['利用術後保養品', '適合', '等儀器'], ['唯一', '具備', '體外培養'], ['訊聯', '表示', '送達膠原蛋白'], ['和', '抗', '老關鍵'], ['衍生自間質幹細胞', '促進', '細胞生長'], ['衍生自間質幹細胞', '促進', '細胞生長'], ['其技術', '取得', '細胞因子'], ['訊聯', '表示', '公司修復新產品'], ['公司', '修復', '新產品'], ['搭配', '是', '淡化色素'], ['訊聯', '指出', '成熟'], ['加拿大', '開始', '間質幹細胞爲治療產品'], ['歐盟', '開始', '間質幹細胞爲治療產品'], ['間質幹細胞', '爲', '治療產品'], ['間質幹細胞產品', '爲', '2014年15個'], ['幹細胞', '修復', '肌膚'], ['幹細胞', '修復', '肌膚']]"
0,20150709_406,匯特善盡社會責任 攜手亞洲醫美診所 免費傷口術後處理針對此次八仙塵暴事件，匯特生技(6458-TW)轉投資的亞洲醫美集團，即日起旗下全省9家直營診所，對於八仙塵暴一、二度灼傷而無須住院傷患，免費傷口換藥護理，並免費提供關係企業出品「cosAsia」品牌系列優質產品，「集水凝凍」外用及「PA舒酵」膠囊內用，輔助術後癒合。匯特表示，公司興櫃後持續關注並加強公司的社會公益責任，總經理江滄炫本月率團赴美參加北美全球生技展後，即專程到波士頓拜訪了Family Reach非營利組織。匯特指出，這是一家由美裔華人Ming Tsai領導的公益團體，專門協助家有癌症病患的困難家庭對抗癌症，因為集團長期發展一項中樞神經新藥，已進入臨床二期人體試驗，江滄炫早有意在台成立類似Family Reach的基金會，專門協助家有憂鬱症病患的困難家庭解決問題。,"[['匯特', '善盡', '攜手亞洲醫美診所責任處理八仙塵暴事件'], ['匯特', '表示', '公司關注社會公益責任'], ['公司', '關注', '社會公益責任'], ['江滄炫本月率團', '赴', '美'], ['波士頓', '拜訪', '非營利組織'], ['匯特', '指出', '這是協助團體'], ['這', '是', '協助團體'], ['集團', '發展', '中樞神經新藥']]"
0,20150709_407,陸港市反彈　台股守八千九下跌61點台股歷經昨天的多殺多破底走勢，今天受到陸港股市強勁反彈的帶動，行情開低後緩步收歛跌幅。盤中面板二虎率先反撲走高，股王大立光也由紅翻黑，搭配紡織類股強勢大漲超過2%，大盤守住八千九百點，以8914點作收，下跌61點，成交量則擴增到1291億元。短線陸港股市走勢、希臘問題的進度，持續牽動台股行情變化。（張佳琪報導）台股前一個交易爆跌引爆融資多殺多，法人停損賣單週四早盤持續出籠，指數一開盤又是爆跌超過200點，崩盤的悲觀氣氛一度瀰漫整個市場。不過，隨後開盤的陸港股市出現強勁反彈，台股跌幅也跟著縮減。面板二虎成為盤面上最先反攻的個股，又以群創漲幅最大超過火根停板。股王大立光也迅速回升翻紅，帶動股后漢微科強拉，高價股跌勢趨緩。非電子股則是紡織類股表現最強，紡織股多頭總司令儒鴻一度觸及10%的漲停板。大盤終場跌61點，指數在八千九關前止步，K線留下長長的下影線。施羅德投信投資長陳朝燈表示，台股第三季必須先行整理，到第四季多空才會真正表態。陳朝燈說：「台股經過一定整理在第三季，加上除息的效果，第四季有機會做相關表態，不管是多與空」。短線走勢持續受陸港股市及希臘情勢的影響，投資人操作應該格外謹慎。（圖：證交所提供）,"[['臺股守', '下跌', '61點臺股'], ['多', '破', '底'], ['強勢紡織類股大漲', '超過', '2%'], ['大盤', '守住', '八千九百點'], ['進度', '牽動', '臺股行情變化'], ['爆跌', '超過', '200點'], ['開盤陸港股市', '出現', '反彈'], ['面板二虎', '成爲', '反攻個股'], ['紡織股多頭總司令儒鴻', '觸及', '10%漲停板'], ['大盤', '跌', '61點'], ['終場', '跌', '61點'], ['K線', '留下', '長長'], ['K線', '留下', '長長'], ['投信投資長陳朝燈', '表示', '整理'], ['臺股', '經過在', '第三季']]"
0,20150709_408,"聯發科吃香！聯想K3 Note印度秒殺、4.7萬支5秒搶光MoneyDJ新聞 2015-07-09 記者 蔡承啟 報導日本智慧手機情報網站blog of mobile 9日報導，中國智慧手機廠聯想今日(9日)透過網購商Flipkart於印度市場開賣搭載聯發科(2454)8核心處理器的智慧手機產品「Lenovo K3 Note(見附圖)」，且開賣後交出令人驚豔的銷售成績，首批備妥的47,440支K3 Note僅花費5.2秒的時間就被搶購一空。報導指出，K3 Note印度售價為9,999印度盧比(約1.9萬)、價格設定合理，且今日開賣的K3 Note僅有黑色款，不過今後計畫將加推白色和黃色款機種，而第二批K3 Note預計將在7月15日開賣(一樣透過Flipkart販售)。K3 Note搭載5.5吋FHD螢幕(解析度1080X1920)、聯發科1.7GHz 8bit MT6752處理器、2GB RAM、16GB ROM、主相機畫素為1300萬、自拍相機(前置相機)為500萬、電池容量為3000mAh、支援4G LTE及雙SIM卡。CNBC 6月24日報導，從去年起，小米等中國廠商靠著網路閃購，在印度颳起銷售旋風。Counterpoint研究主管Neil Shah表示，後來賣給聯想的摩托羅拉，是第一個在印度打出僅限網路販售的品牌，由於此一手法極為成功，小米、華為等在中國發展觸頂的業者，來到印度之後紛紛仿效。CNBC 6月16日報導，Bernstein Research資深分析師Mark Li報告指出，現在印度是全球第三大智慧機市場，落後中國、美國，預估未來五年出貨量會增加一倍，超越美國成為第二大智慧機市場。印度市場火熱，對聯發科是一大利多，因為低價智慧機多採聯發科晶片。美國知名財經週報霸榮(Barron`s.com)15日報導稱，在印度深耕的聯發科有望一展長才、未來甚至有機會趁勢擊敗競爭對手高通(Qualcomm Inc.)。＊編者按：本文僅供參考之用，並不構成要約、招攬或邀請、誘使、任何不論種類或形式之申述或訂立任何建議及推薦，讀者務請運用個人獨立思考能力，自行作出投資決定，如因相關建議招致損失，概與《精實財經媒體》、編者及作者無涉。","[[')', '透過', '網購商'], ['報導', '指出', ' Note印度售價爲9'], [' Note印度售價', '爲', '9'], [' Note', '僅有', '黑色款'], [' Note', '預計', '開賣'], [' Note', '搭載', 'FHD螢幕解析度1080X1920'], ['主相機畫素', '爲', '1300萬'], ['前置相機', '爲', '500萬'], ['電池容量', '爲', '3000mAh'], ['主管NeilShah', '表示', '賣給聯想摩托羅拉是打出限販售品牌'], ['後來', '賣給', '聯想'], ['賣給聯想摩托羅拉', '是', '打出限販售品牌'], ['印度', '打出', '限販售'], ['觸頂業者', '來到', '印度之後'], ['Mark Li報告', '指出', '現在印度是大智慧機市場'], ['現在印度', '是', '大智慧機市場'], ['對聯發科', '是', '一大利多'], ['深耕聯發科', '有望', '一展長才']]"
0,20150709_409,"富鼎投顧盤後分析-台股明日有機會站回9000◆盤勢分析雖然希臘破產已進入了倒數計時，但現階段陸股持續崩跌造成的衝擊卻更加猛烈，昨晚美股主要指數大跌。此外，因技術性問題，盤中紐約證交所一度暫停交易長達3個多小時。終場收盤，跌261.49點或1.47%，為17,515.42點。標準普爾500指數跌34.66點或1.67%，為2,046.68點。指數跌87.70點或1.75%，為4,909.76點。昨標普500指數10大類股全面收黑；由於先前中國經濟成長減速，原材料股首當其衝，該類股指數重挫2.17%。市場認為，儘管中國政府祭出一連串救市措施，但陸股過去3周竟然就跌掉逾30%，令人擔心中國金融市場的劇烈動盪，可能對該國已經放緩的經濟造成更大的衝擊、並將波及其他亞洲市場，其風險與希臘危機相比有過之而無不及。所幸今日陸股及亞股紛紛反彈大漲，研判今晚美股反彈收紅機率甚高！國際股市近期疲軟不振，影響台股今天開盤表現，指數最大跌點來到225點，再創本波段新低，技術面直接回補去年10月29日的島狀反轉缺口，盤勢看起來好像相當弱勢。但今日台股受到陸港股激勵帶動，台股盤中跌幅縮小，出現底部強力縮腳，是不是底部通常看是否能強力反彈，且在反彈過程中，這波下跌部分股票融資減肥，有錯殺情況，這些具有營收、獲利基本面、影響指數的族群，未來能否起帶頭作用相當重要。就短線(日線)部分來論，因短線連續性下跌，所有均線跌破，中長線目前屬空方架構，惟短線已經超跌，也將醞釀跌深反彈。大盤技術指標低檔，先看未來幾日能不能在8750~9000來回做區間整理。周線方面，已經是10014點以來修正第11周，且也邁入超跌區，7月底之後可留意波浪轉折出現。月線則可能連三黑，代表長線架構可能出現改變，可能針對三年多來進行一次大幅修正，因技術指標還在高檔向下，整理時間應該還相當長。不過短線明日會先往上反彈看法不變，接下來再觀察希臘及陸股後續的發展再規劃下一步！富鼎投顧 提供","[['希臘破產', '進入', '倒數計時'], ['盤中紐約證交所', '暫停', '交易'], ['指數', '跌', '87.70點'], ['10大類股', '收', '黑'], ['市場', '認爲', '陸股跌'], ['中國政府', '祭出', '救市措施'], ['令人', '造成', '更大沖擊'], ['其風險', '有', '亞洲市場'], ['最大跌點', '來到', '225點'], ['技術面', '回補', '反轉缺口'], ['臺股', '受到', '陸港股激勵帶動'], ['底部', '看', '反彈'], ['這些', '具有', '獲利基本面'], ['具有獲利基本面族羣', '起', '帶頭作用'], ['中長線', '屬', '空方架構'], ['周線方面', '是', '修正第11周']]"
0,20150709_410,日盛投顧盤後－短線醞釀打底、逢低擇優佈局◆盤勢分析1. 受週三美股下跌、亞股重挫、融資追繳萬箭齊發的衝擊，週四台股以下跌114.83點的8861.28點開出後，在斷頭賣壓出籠下，指數走低最低來到下跌225.19點的8750.92點後，在賣壓減輕與逢低擇優布局的買盤進場下，指數震盪走高，終場台股以下跌61.98點8914.13點作收，成交量小幅縮小至1291.93億元。2. 台股的技術面:週四收在8914點；以趨勢線來看，本波由10014點下跌以來的下降壓力線壓力下緣支撐(由5/11的9635點與6/9的9191點連成的切線，目前約在8740點)剛好是周四盤中的最低點8750點附近，支撐力道頗強；以型態來看，回補完去年10/29的缺口，開始測試8501~8788點的島狀反轉型態的支撐；以缺口來看，回補完去年10/29的缺口，短線反彈機率不小；以均線來看，目前5日、10日、20日線呈空頭排列，指數持續震盪整理；指標方面，日KD在7/3交叉失敗後，K值7/6跌破50指標轉弱，今日K值與D值開口縮小，留意是否出現交叉的買訊；成交量週四小幅縮小至1291億元，低於前一日的1433億元，但遠大於5日、10日與20日均量，呈現大量縮腳的紡錘線；綜合上述論點，下檔8750點有機會成為近期的低點，若成交量維持日均量以上持續反彈，指數有機會先挑戰9000點大關，然後再挑戰5日線壓力。3. 類股上:以紡織(+2.16%)、油電燃氣(+2.05%)、營建(+0.28%)等類股較為強勢；而百貨(- 2.43%)、化學(- 1.89%)、玻陶(-1.75 %)等類股較為弱勢。4. 三大法人合計賣超149.57億元：外資賣超132.82億元、投信賣超7.98億元、自營商賣超8.76億元。金融年線~半年線間整理、電子與非金電醞釀打底1. 電子股：電子指數週四以下跌2.42點的347.43點作收，嘗試在340點上下打底；週四較強的電子股包括:太陽能的3514昱晶、6244茂迪、3576新日光、3561昇陽科、4934太極、5483中美晶；PA的2455全新、3105穩懋、8086宏捷科；IC設計的3529力旺、8016矽創、6286立錡、6415F-矽力、4966F-譜瑞；金屬機殼的2474可成、2354鴻準；光通訊的3234光環、3450聯鈞；IPC的6414樺漢、6245立端、8114振樺電；設備股的3131弘塑、3658漢微科；檢測股的3289宜特、6146耕興…等。2. 金融股:金融指數週四以下跌12.83點的1141.35點作收，在年線~半年線間整理，若能站回半年線短線轉強；短線可留意:2833台壽保、2886兆豐金、2891中信金等線型較強的個股後勢。3. 傳產股:傳產類股週四以紡織、油電燃氣、營建、汽車零組件等類股較強；紡織由1452宏益、1453大將、1457宜進、1476儒鴻、1455集盛、4426利勤領漲；油電燃氣看6505台塑化表現；營建由2923F-鼎固、2538基泰領漲；汽車零組件看3706神達、4523永彰、1521大億表現。,"[['在', '賣', '壓'], ['成交量', '縮小至', '1291.93億元'], ['本波', '支撐', '5/11由9635點'], ['5日', '呈', '空頭排列'], ['週四小幅', '縮小至', '1291億元'], ['下檔8750點有機會', '成爲', '近期低點'], ['指數', '維持', '反彈'], ['有機會', '挑戰', '大關'], ['週四以下', '跌', '2.42點'], ['金融指數週四以下', '跌', '12.83點'], ['金融指數週四以下', '跌', '12.83點']]"
0,20150709_411,永豐期貨台指選擇權盤後－高價股領軍反彈台股收紅 短線空方仍占上風◆盤勢分析期貨走勢週四下跌72點收在8873點。價差方面，逆價差擴至41.13點，而7月份除權息預計要蒸發約33.52點，因此還原後轉逆價差7.61點，電子期逆價差擴至1.78點，金融期正價差縮至0.45點，摩台期逆價差擴至5.18點。由籌碼面來觀察，三大法人於現貨市場持續賣超149.58億；而在淨部位方面，三大法人空單加碼191口，淨空單升至6335口，外資空單加碼326口，淨空單升至7146口；另外十大交易人中的特定法人，全月份空單減碼1843口，淨空單降至323口，顯示法人與大額交易人對台股後市仍呈謹慎偏空預期。行情走勢方面，昨日美股受到陸股暴跌以及交易所當機的影響大跌，帶動週四早盤以跳空下跌144點開出，而現貨開盤後不久期貨一度急殺至下跌超過200點，所幸早盤上證開低後出現V型反轉帶動台股收斂跌幅，尾盤期貨大幅收斂跌幅以下跌72點作收。技術面觀察，週四大盤跳空開低走高以帶長下影線中紅黑K回補早盤跳空缺口，且成交量能縮小至1291億水準，短線多方力道轉強且空方追價意願不強。而以日線型態來看，目前指數早盤一度出現竭盡缺口後迅速反彈，但全數均線仍彎頭向下，日KD死亡交叉向下且開口放大，趨勢仍為空方控盤格局。但短線急跌操作上仍以逢高偏空操作為宜並請嚴設停損。選擇權分析選擇權從成交量來觀察，7月份買權下移集中在9000點，賣權下移至8700點。未平倉量部份，買權大量區集中於9400點，而賣權大量區下移至8800點。全月份未平倉量put/call ratio由0.61升至0.69，顯示選擇權原先偏空結構略朝中性格局收斂調整。7月買權平均隱含波動率由14.27%降至12.89%，賣權平均隱含波動率由19.45%升至19.7%，買權降賣權升，週四開低收高日線留長下影線，顯示目前雖短線走空格局未變但已漸有低檔承接買盤進場，操作上建議不追空逢反彈於9100-9300點以買權空頭價差策略因應。,"[['永豐期貨臺', '指', '反彈臺股收紅短線空方佔'], ['反彈臺股', '收', '紅'], ['反彈臺股', '收', '紅'], ['7月份除權息', '預計', '蒸發'], ['三大法人賣', '超', '149.58億'], ['淨空單', '升至', '6335口'], ['全月份空單', '減', '碼'], ['法人', '呈', '偏預期'], ['謹慎', '偏', '空'], ['昨日美股', '受到', '暴跌影響'], ['期貨', '帶動', '開出'], ['成交量', '縮小至', '1291億水準'], ['空方', '追', '價'], ['空方', '追', '價'], ['指數早盤', '出現', '反彈'], ['趨勢', '爲', '空方控盤格局'], ['大量區', '集中於', '9400點'], ['大量區', '下移至', '8800點'], ['平均隱含波動率', '降至', '12.89%'], ['平均隱含波動率', '升至', '19.7%'], ['低檔', '承接', '買盤進場']]"
0,20150709_412,遠百愛買下半年3C家電銷售品項大增3成遠百()量販金機母「愛買」除了強打販售平價的生鮮產品，3C家電專區也是積極拓展客源的重要品項，愛買表示，今年最熱銷商品包括電扇、冷氣、冰箱、Notebook、大螢幕手機、GoPro運動攝影機等，下半年更要引進30%高科技新品來吸引更多客源。愛買表示，3C家電專區一直以來強調「專業服務至上」、「商品專區陳列」和「專人解說」，帶動每年業績有20-30%向上成長，近年來更強調提供給消費者更舒適的購物環境，不僅3C家電專區每家店有50-100坪不等的空間、更販售上萬支3c家電產品，以明亮和開放式試用區設計成功地提高了3c商品的銷售量，尤其全台分店皆有遠傳電信進駐，增加民眾選手機辦門號的便利度。愛買統計，今年包括手機、平板及自拍相機的銷售較去年飆漲5倍，同時，包括EX節能冰箱、DC節能風扇、DIY小家電等有效吸引暑期旺季來客參觀選購。為了持續推升3C銷售業績，愛買宣布下半年要引進30%高科技新品，包括新一代R32環保冷煤的冷氣機20-30款，增加4K高畫質電視的款式，賣場並強調從銷售到售後服務專業至上，冷氣安裝團隊聘僱品牌認證並通過考試的安裝人員。,"[['3C家電專區', '也是', '重要品項'], ['積極', '拓展', '客源'], ['熱銷商品', '引進', '高科技新品'], ['愛買', '表示', '家電專區強調專業服務至上'], ['家電專區', '強調', '專業服務至上'], ['每年業績', '有', '20-30%成長'], ['每家店', '有', '不等空間'], ['全臺分店', '有', '傳電信進駐'], ['選手機', '辦', '門號'], ['選手機', '辦', '門號'], ['要', '引進', '30%'], ['，', '增加', '高畫質電視'], ['團隊', '聘僱', '品牌認證'], ['團隊', '聘僱', '品牌認證']]"
0,20150709_413,6月營造工程物價跌2.79％ 連5跌行政院主計總處統計顯示，今(104)年6月營造工程物價指數年減2.79％，連續5個月下跌。行政院主計總處公布今年5月營造工程物價較去(103)年同月下跌2.79％，其中材料類跌4.95％，以金屬製品跌1成4最深，創近68個月最大跌幅，主因國際廢鋼價格下滑、進口品競爭及國內需求偏弱所致；國際原油價格下滑，遞延影響瀝青及其製品價格跌6.30％次之；塑膠製品及機電設備也分別受到聚氯乙烯(PVC)價格走低與國際銅價下跌影響，分別有2.89％及0.81％的跌幅；另外磚瓦瓷類及木材及其製品價格均小幅上揚。勞務類則因工資調升，上漲 1.28％。（資料照片）,"[['統計', '顯示', '營造工程物價指數年減2.79％'], ['營造工程物價指數', '年減', '2.79％'], ['主計總處', '公佈', '營造工程物價下跌2.79％'], ['營造工程物價', '下跌', '2.79％'], ['其中材料類', '跌', '4.95％'], ['遞延', '影響', '瀝青跌'], ['塑膠製品', '受到', '下跌影響']]"
0,20150709_414,亞洲投顧.寶得富-盤後-量縮收腳，止跌訊號尚不明確◆盤勢分析今日大盤收量縮紅K棒，早盤開低後就一路拉抬，不過最後還是下跌了61點，由於有收較長下影線，可以判斷低檔有人進貨的跡象，但是最後量縮，而且還是以下跌收盤，代表多方力道還不夠明顯，多方必須快點拉抬過今日高點8946點展現逆轉的企圖心，第一個反彈目標就是上個波段低點9170點。昨天有提醒投資朋友，空方下一個目標就是8800點，今天也直接滿足此目標，由於周半年均線還是處於上揚狀態，也就是8800點有較強支撐力道，就看是否能夠在此止跌進行反彈格局，不過還是要再次提醒投資朋友，整體趨勢空方控盤，不是很建議搶反彈，如果要搶反彈的話，操作資金不可以超過總資金三成，才不至於又被忽然的下跌趨勢所傷害到。詳細操作策略都在會員傳真稿。操作不是賭博，操作規劃設定好之後，要有紀律的執行策略，資金控管好，才能夠有機會長期穩定獲利，而不是小賺大賠，大賺大賠，長期下來一場空。股期龍哥 分析師,"[['量縮', '收', '腳'], ['大盤收量', '縮紅', 'K棒'], ['反彈目標', '就是', '上低點9170點'], ['一個目標', '就是', '8800點'], ['均線', '處於', '上揚狀態'], ['8800點', '有', '強支撐力道'], ['操作資金', '超過', '總資金三成'], ['操作策略', '在', '會員傳真稿'], ['操作', '不是', '賭博']]"
0,20150709_415,金融業投資FinTech  金管會8月底前鬆綁 完成相關規範上路金管會今(9)日向行政院長毛治國報告「打造數位化金融環境3.0」，其中，開放銀行、證券、保險業可100%轉投資，以及金融核心業務高度相關金融科技產業(FinTech)的相關規範，預計在今年8月底以前完成。金管會表示，規劃推動「打造數位化金融環境3.0」計畫，從鼓勵創新網路金融服務、推動金融巨量資料分析應用、普及行動支付與第三方支付應用等方面三管齊下，目的在掌握數位化發展趨勢，以提升金融產業的競爭力。金管會指出，該計畫已推動的措施，包括調整法規規範、開放線上申辦信貸、投保、行動支付等服務、開放設立電子支付機構、開放經營股權性質群眾募資平台等。未來，將朝研議放寬金融業轉投資金融科技產業限制、研究開放純網路銀行、持續推動大數據應用與金融資料開放等方向進行。其中，開放銀行、證券、保險業可100%轉投資，以及金融核心業務高度相關金融科技產業(FinTech)的相關規範，預計8月底以前完成。毛治國在聽取報告後表示，請金管會持續關注數位化金融發展情形，適時檢討修正相關措施，營造有利金融產業的環境，協助金融服務業強化數位科技的應用能力，推動金融創新，為臺灣金融產業奠定新的發展利基。毛治國指出，網際網路興起及行動通訊時代的來臨，帶動商業模式的創新，金融服務必須順應科技發展的趨勢，方能掌握商機。,"[['9今會', '打造', '數位化金融環境3.0'], ['，', '開放', '銀行'], ['金管會', '表示', '目的掌握數位化發展趨勢'], ['規劃', '推動', '打造3.0數位化金融環境計劃'], ['「', '打造', '3.0數位化金融環境'], ['從', '鼓勵', '金融服務'], ['目的', '掌握', '數位化發展趨勢'], ['目的', '掌握以', '提升金融產業競爭力'], ['會', '指出', '該計劃推動措施包括等調整等申辦信貸服務'], ['該計劃推動措施', '包括', '等調整等申辦信貸服務'], ['，', '開放', '銀行'], ['毛治國', '表示', '請'], ['毛治國', '指出', '網際網路興起時代來臨帶動商業模式創新'], ['網際網路興起時代來臨', '帶動', '商業模式創新'], ['金融服務', '順應', '發展趨勢']]"
0,20150709_416,台股盤後—破8800急彈近200點 高價股帶頭守8900點 現反彈契機台股今(9)日早盤在融資多殺多以及程式交易停損賣單襲擊下，一度跌到8750點創波段低點，不過10點前後亞股強彈，上証指數、香港急拉黑翻紅，台股高價股大立光、漢微科領軍衝鋒，傳產權值股也同漲助陣，雖然金融股午盤前扯後腿，但多頭反彈氣勢不止，跌破8800點狂漲200點，重回8900點以上，終場收在8924點，下跌61.98點，成交量較昨日縮小到1290億元，技術面呈現帶量留長下影線紅K棒，盤勢露出反彈契機。台股今走勢上沖下洗，早盤在融資斷頭影響下殺到8750點波段低點，大跌226點，10前後陸股開始強彈，上証、滬深300與深圳成份急拉黑翻紅，港股更大漲千點，推升台股同步上攻，自低點8750點狂拉200點彈到8946點，一度逼近平盤價位。盤面上高價股率先強攻，股王大立光、股后漢微科股價強勢拉抬，大立光一度回到3300元以上，漢微科漲勢更猛一路從1790元拉到1995元，重回半年線以上，帶動高價股走勢回神，儒鴻一度漲停，力旺、樺漢、F-矽力等收盤都上漲逾3%漲幅。權值股表現相對平淡，電子股台積電也強勁反彈，不過未成資金點火標的，終場收跌1.09%，鴻海、中華電、聯發科、台達電、台灣大等，也以平盤下小跌作收，金融權值股國泰金、富邦金也沒展現撐盤氣勢，午盤前更翻黑扯大盤後腿，相較之下傳產股表現較穩，台塑化、南亞、台化與統一等都以平盤作收。盤面上電子股次族群由面板及太陽能股領軍，友達、群創收盤上漲逾1%，太陽能股昱晶一度漲停，茂迪、新日光、頂晶科、台勝科、昇陽科與太極等，收盤漲幅也逾4%。傳產多頭主攻部隊則是紡織股，宏益、大將與宜進收盤亮燈漲停，儒鴻、南緯、集盛、佳和與利勤等也以5%漲幅作收；營建股F-鼎固也以漲停做收，基泰、遠雄、昇陽、國揚、京城等也以2%漲幅作收。金融股則多空漲跌不一，兆豐金上漲作收，不過元大金、富邦金、開發金、永豐金、新光金、玉山金等皆以下跌作收，午盤前走勢轉弱，扯大盤反彈後腿。法人指出，台股雖然外資期現貨翻空，不過技術面呈帶量長下影線紅K棒，指數露反彈曙光，在亞股走勢持穩下，有機會先在8800-8900點附近徘徊整理，後續盤勢要持續上攻，希臘債務問題以及陸股表現仍是主要關鍵。,"[['金融股', '扯', '後腿'], ['多頭', '反彈', '氣勢'], ['跌破8800點', '漲', '200點'], ['技術面', '呈現', '帶量'], ['技術面', '呈現到', '1290億元'], ['早盤', '影響', '殺'], ['陸股', '開始', '強彈'], ['狂拉', '彈到', '8946點'], ['大立光', '回到', '3300元以上'], ['漢微科漲勢', '拉到', '1995元'], ['權值股', '表現', '平淡'], ['1.09%跌', '成', '資金點火'], ['金融權值股國泰金', '展現', '撐盤氣勢'], ['收盤漲幅', '逾', '4%'], ['主攻部隊', '是', '紡織股'], ['營建股F鼎固', '做', '收'], ['走勢', '轉', '弱'], ['法人', '指出', '技術面呈帶量長'], ['技術面', '呈', '帶量長'], ['指數', '露', '反彈曙光'], ['債務問題', '仍是', '主要關鍵']]"
0,20150709_417,遠東集團捐2000萬元予八仙塵爆專戶遠東集團今(9)日宣布，為了協助傷患能夠走過這漫長的復健之路，結合旗下遠東新世紀、亞洲水泥、遠東百貨、太平洋SOGO百貨和遠傳電信等關係企業共捐2000萬元助八仙塵爆專戶。遠東集團表示，八仙塵爆事件的傷者後續還需要長期的醫療照護，因此，集團旗下包括遠東新世紀、亞洲水泥、遠東百貨、太平洋SOGO百貨和遠傳電信等關係企業共同捐助2000萬元予新北市社會局「八仙粉塵氣爆救助專案」愛心專戶。除了以捐款支持傷患，遠東集團先前已捐贈旗下專利高效敷料1批，給榮總、三總、亞東等各大醫院使用，讓傷患在傷口恢復期，得到最適當的照護。,"[['遠東集團', '捐', '2000萬元'], ['遠東集團', '捐', '2000萬元'], ['企業', '捐', '2000萬元助八仙塵爆專戶'], ['遠東集團', '表示', '企業捐助2000萬元'], ['塵爆事件傷者後續', '需要', '醫療照護'], ['集團旗下', '包括', '等新世紀關係'], ['企業', '捐助', '2000萬元']]"
0,20150709_418,《股市》13:45台期指07 報8873.00點，跌-72.00點或-0.80%《股市》13:45台期指07 報8873.00點，跌-72.00點或-0.80%。免責聲明：本文所載資料僅供參考，並不構成投資建議，鉅亨網對該資料或使用該資料所導致的結果概不承擔任何責任。該資訊若與事實不符，應以商品原交易所之公佈為主。,"[['07', '報', '8873.00點'], ['07', '報', '8873.00點'], ['導致結果', '承擔', '任何責任']]"
0,20150709_419,台灣加權指數9日收盤下跌61.98 點或0.69 % 報 8914.13 點台灣9日收盤下跌61.98 點或0.69 %，報8914.13 點，成交金額1290.01億元。,[]
0,20150709_420,曾銘宗：陸股已回穩朝正面發展 台灣金融業曝險額度小近日陸股崩跌，外界憂心衝擊台灣金融業，金管會主委曾銘宗今(9)日對此表示，陸股今天已回穩，相信後續將朝正面發展，而台灣的金融業對大陸的曝險額度小，投資也有獲利，逾放比也沒有進一步升高，台灣金融業不會受到衝擊影響。曾銘宗今天近午出席行政院院會後記者會，對於媒體關切近日陸股崩跌、外界憂心衝擊台灣金融業，發表上述回應。他說，陸股今天已經回穩，在大陸各主管機關的強力介入處理下，後續會朝正面發展。至於對台灣金融業的影響，曾銘宗說，投資大陸股市的金額相對少，保險業近800億元、獲利234億元，評價上還有獲利，銀行業投資28億元、獲利13億元，曝險額度相當小、投資也已獲利。他還說，46家台灣金融機構在大陸的曝險額度1.7兆元，額度也正在往下降，且每年獲利60億元、維持穩健，逾放比並沒有進一步升高。曾銘宗整體研判，陸股的情況不會對台灣金融業產生衝擊。,"[['陸股', '發展', '陸股崩小跌'], ['外界', '衝擊', '臺灣金融業'], ['今9日', '表示', '陸股回穩'], ['投資', '也有', '獲利'], ['臺灣金融業', '受到', '衝擊影響'], ['曾銘宗', '出席', '行政院院會'], ['近午', '出席', '行政院院會'], ['媒體', '關切', '陸股跌'], ['外界', '衝擊', '臺灣金融業'], ['曾銘宗出席行政院院會後記者會', '發表', '上述回應'], ['他', '說', '陸股回穩'], ['曾銘宗', '說', '少'], ['，', '投資', '大陸股市'], ['他', '說', '逾放比升高'], ['陸股情況', '產生', '衝擊']]"
0,20150709_421,台股連跌千點 曾銘宗：無國際性系統風險 量能回來就能止跌台股近日累計大跌千點，金管會主委曾銘宗今(9)日對此表示，不會產生國際性系統風險，台灣上市櫃公司今年前5月營收表現基本面良好，外資也無大幅匯出，只要股市量能回來就可以止跌。對於有意進場股市投資的金融業者，金管會樂觀其成。曾銘宗今天近午出席行政院院會後記者會，對於媒體關切近日全球與台灣股災相關話題，發表上述回應。他說，昨天台股大跌274點，這主要是4個因素造成，包括台灣出口衰退、希臘債務談判陷僵局、中研院下調台灣今年經濟成長率、大陸股市大跌。但他指出，昨天台股大跌274點，但成交量有放大到1千多億元，今天台股早上一度大跌超過200點，最少下跌40點，後續下跌80、90點，且香港、大陸股市已回穩，由此研判，不會產生國際性大型的系統性風險。至於金管會的措施，他說，這幾天台股跌逾千點，但今年前5月上市櫃公司的營收為11.9兆元、年增2%，基本面穩健，針對股票超跌的公司，除了鼓勵實施庫藏股，也可以對外召開業績發表會。媒體關切四大基金是否進場護盤，曾銘宗回應，若是泛公股或民間銀行、壽險業者要進場「投資」，金管會都樂觀其成。他還說，截至前(7)天為止，外資的存量還有2024億美元、相當高，目前外資並無大幅匯出的情況。何時台股恐慌性賣壓會轉危為安？曾銘宗表示，昨天台股大跌274點，但成交量有放大到1千多億元，今天的成交量也估計在1千多億元，這是好現象，只要量能有出來，台股下跌就會減緩。行政院發言人孫立群補充表示，今天院會結束之後，行政院長毛治國、副院長張善政當場召集曾銘宗、中央銀行總裁彭淮南、財政部長張盛和，針對股災交換意見，毛治國指示相關部會繼續進行各項業務，也請曾銘宗持續留意交易秩序。,"[['對於', '有意', '進場股市投資'], ['曾銘宗', '出席', '行政院院會'], ['近午', '出席', '行政院院會'], ['媒體', '關切', '相關話題'], ['後記者會', '發表', '上述回應'], ['他', '說', '這是4個因素造成'], ['這', '是', '4個因素造成'], ['他', '指出', '成交量放大'], ['成交量', '放大到', '1千多億元'], ['臺股大跌', '超過', '200點'], ['他', '說', '上市櫃公司營收爲11.9兆元'], ['臺股', '跌', '逾千點'], ['上市櫃公司營收', '爲', '11.9兆元'], ['年', '增', '2%'], ['媒體', '關切', '四大基金進場'], ['他', '說', '外資存量還有2024億美元'], ['外資存量', '還有', '2024億美元'], ['外資', '並無', '匯出情況'], ['恐慌性', '賣', '壓'], ['曾銘宗', '表示', '成交量放大'], ['臺股', '大跌', '274點'], ['成交量', '放大到', '1千多億元'], ['這', '是', '好現象'], ['行政院發言人孫立羣補充', '表示', '行政院長毛治國張善政召集曾銘宗張盛和'], ['行政院長毛治國張善政', '召集', '曾銘宗張盛和'], ['相關部會', '進行', '各項業務']]"
0,20150709_422,《股市》13:00台股店頭 報128.67點，跌-0.94點或-0.73%《股市》13:00台股店頭 報128.67點，跌-0.94點或-0.73%。免責聲明：本文所載資料僅供參考，並不構成投資建議，鉅亨網對該資料或使用該資料所導致的結果概不承擔任何責任。該資訊若與事實不符，應以商品原交易所之公佈為主。,"[['導致結果', '承擔', '任何責任']]"
0,20150709_423,《股市》13:00台期指07 報8870.00點，跌-75.00點或-0.84%《股市》13:00台期指07 報8870.00點，跌-75.00點或-0.84%。免責聲明：本文所載資料僅供參考，並不構成投資建議，鉅亨網對該資料或使用該資料所導致的結果概不承擔任何責任。該資訊若與事實不符，應以商品原交易所之公佈為主。,"[['導致結果', '承擔', '任何責任']]"
0,20150709_424,《股市》13:00台股加權 報8908.16點，跌-67.95點或-0.76%《股市》13:00台股加權 報8908.16點，跌-67.95點或-0.76%。免責聲明：本文所載資料僅供參考，並不構成投資建議，鉅亨網對該資料或使用該資料所導致的結果概不承擔任何責任。該資訊若與事實不符，應以商品原交易所之公佈為主。,"[['導致結果', '承擔', '任何責任']]"
0,20150709_425,證交所鼓勵買回庫藏股 潛在可執行金額140億元為提振市場信心，證交所今(9)日表示，鼓勵上市公司考量本身現金流量及維護公司信用與股東權益等因素，適時執行買回庫藏股，並鼓勵上市公司適時辦理法說會，證交所強調，目前可執行庫藏股之上市公司有40家，可執行金額約140億元，將敦促業績良好，股價偏低之公司買回庫藏股。證交所指出，6月財政部公布之出口雖有衰退現象，不過上市公司營運情形，應以全體合併營收觀之，查國內上市公司今年第1季合併營收達6.71兆元，較去年同期6.47兆元成長3.73%，稅前淨利5451億元，較去年同期4396億元成長24.02%，另累計1-5月上市公司營收總計為11.16兆元，較去年同期成長2329億元，增幅2.13%，顯示國內上市公司營收獲利持穩成長。證交所強調，為活絡證券市場，並讓投資人暸解上市公司營運績效及其產業之發展情形，也鼓勵上市公司辦業績發表會，以增進市場投資信心。此外，目前可執行庫藏股之上市公司已有40家，為提振市場信心，證交所將密切與這40家公司聯繫，盡快實施庫藏股，可執行金額約140億元，證交所也將持續與業績良好但股價偏低公司聯絡，敦促買回庫藏股。,"[['證交所', '鼓勵', '買回庫藏股'], ['潛在可執行金額140億元', '爲', '提振市場信心'], ['9日', '表示', '鼓勵'], ['金額', '有', '40家'], ['證交所', '指出', '財政部公佈出口有衰退現象'], ['財政部公佈出口', '有', '衰退現象'], ['營運情形', '查', '5451億元'], ['營收總計', '爲', '11.16兆元'], ['執行庫藏股之上市公司', '已有', '40家']]"
0,20150709_426,台股盤中—陸股回神 融資清場 低點拉升百點回防8900點台股今日上沖下洗，早盤融資斷頭殺盤殺到8750點波段低點，不過10點過後陸股帶頭衝，港股強彈800多點，台股快速收斂跌幅，一度接近平盤價位，電子權值股領先拉抬，傳產、金融股領軍，台塑化、南亞、台化、兆豐金與日月光等股價黑翻紅，高價股表現更亮眼，大立光、漢微科皆由低檔拉回到平盤以上，推升指數收斂跌幅，不過金融股表現壓抑，指數午盤時仍下跌80多點，8900點關卡前附近震盪，留百點長下影線。台股今日早盤一度探低，在融資斷頭與程式交易停損賣壓影響下，跌到8750點波段低點，10點過後陸股強彈，港股強彈千點，推升台股多頭回神，權值股包含台塑化、國泰金、南亞、台化、中信金、兆豐金等由黑翻紅，帶領台股收斂跌幅。高價股今日走勢也回溫，股王大立光與股后漢微科都強勢從下跌拉到翻紅，碩禾漲幅也逾1%以上，儒鴻、力旺漲幅逾3%，網家、和泰車、可成、F-譜瑞、樺漢與寶雅則力守平盤以上，為多頭注入信心火種。盤面上電子股聚焦面板與太陽能股，面板股群創大漲逾3%，友達、華映、彩晶與元太等也維持平盤以上小漲；太陽能股頂晶科、茂迪、昱晶、台盛科、新日光、昇陽科等漲幅也逾3%以上。另外網通股淳安、百一、啟碁、全新、富爾特、亞太電等，漲幅也逾2%以上，PCB族群楠梓電、新興、華通、先豐、慶生與燿華等，漲幅也逾1%以上。傳產股則由紡織股帶頭強彈，宏益、大將亮燈漲停，宜進、佳和、儒鴻、聯發、台富等漲幅逾3%以上；航運股志信、華航、萬海等也由下跌翻紅，漲幅強勢，中櫃、台航也守住平盤。整體來看，台股今日探到8750點波段低點，融資斷頭後低接買盤加溫，今日預估量約1300多億元，指數有機會暫時止跌，法人則認為，盤勢已轉為中長空格局，外資期現貨同步作空，盤勢仍有壓力，指數短期先看8800點支撐，後續亞股走勢持穩，有機會挑戰重回8900點以上。,"[['權值股', '包含', '翻紅'], ['碩禾漲幅', '逾', '1%以上'], ['儒鴻漲幅', '逾', '3%'], ['網家', '守', '平盤以上'], ['等友達', '維持', '平盤以上小漲'], ['等太陽能股頂晶科漲幅', '逾', '3%以上'], ['漲幅', '逾', '2%以上'], ['漲幅', '逾', '1%以上'], ['等進漲幅', '逾', '3%以上'], ['中櫃', '守住', '平盤'], ['臺股探', '到', '8750點波段低點'], ['法人', '認爲', '盤勢轉爲長空格局'], ['盤勢', '轉爲', '長空格局'], ['盤勢', '有', '壓力']]"
0,20150709_427,防颱物資大促銷！momo購物業績增2成 大潤發備貨量大增3倍昌鴻颱風越來越靠近台灣，不少民眾開始準備防颱商品，富邦媒()旗下momo購物網表示，已即時推出「防颱抗災5折up」專區，預計本周末銷售持續成長，而潤泰全()旗下大潤發對防颱物資備貨量增加2-3倍，看好業績成長將上看50-60%。momo購物網指出，本周以來包括水、飲料和泡麵等防颱周邊商品銷售已較上周成長約20%，隨著颱風接近，即時推出「防颱抗災5折up」專區，一旦發不陸上颱風警報時專區就會上線，主打颱風天必備的食品、預防風災水災民生用品(電池、照明燈等)5折起，讓消費者不出門也可安心選購，預估本周末銷售將再成長。而量販實體通路也積極因應颱風天的備貨需求，潤泰全()旗下大潤發指出，菜價聞風喊漲，賣場湧現搶購蔬菜、泡麵和飲料的人潮，預期來客數成長50-60%，目前各分店都已備妥存貨，熱門品項如泡麵、餅乾、飲料皆準備2-3倍的貨量，業績成長上看50-60%。大潤發強調，這次除了會持續維持促銷價，更加碼6款葉菜類均一價19元，民眾不用擔心買不到蔬菜。,"[['昌鴻颱風', '靠近', '臺灣'], ['不少民衆', '開始', '準備防颱商品'], ['旗下momo購物網', '表示', '推出5折up專區'], ['「', '防', '抗災'], ['momo購物網', '指出', '等水防颱周邊商品銷售成長'], ['「', '防', '臺'], [')旗下大潤發', '指出', '聞風'], ['各分店', '成長', '存貨'], ['大潤發', '強調', '民衆擔心買不到蔬菜'], ['民衆', '擔心', '買不到蔬菜']]"
0,20150709_428,《股市》12:00台期指07 報8845.00點，跌-100.00點或-1.12%《股市》12:00台期指07 報8845.00點，跌-100.00點或-1.12%。免責聲明：本文所載資料僅供參考，並不構成投資建議，鉅亨網對該資料或使用該資料所導致的結果概不承擔任何責任。該資訊若與事實不符，應以商品原交易所之公佈為主。,"[['導致結果', '承擔', '任何責任']]"
0,20150709_429,《股市》12:00台股加權 報8885.93點，跌-90.18點或-1.00%《股市》12:00台股加權 報8885.93點，跌-90.18點或-1.00%。免責聲明：本文所載資料僅供參考，並不構成投資建議，鉅亨網對該資料或使用該資料所導致的結果概不承擔任何責任。該資訊若與事實不符，應以商品原交易所之公佈為主。,"[['導致結果', '承擔', '任何責任']]"
0,20150709_430,《股市》12:00台股店頭 報128.28點，跌-1.33點或-1.03%《股市》12:00台股店頭 報128.28點，跌-1.33點或-1.03%。免責聲明：本文所載資料僅供參考，並不構成投資建議，鉅亨網對該資料或使用該資料所導致的結果概不承擔任何責任。該資訊若與事實不符，應以商品原交易所之公佈為主。,"[['導致結果', '承擔', '任何責任']]"
0,20150709_431,台股開盤跳空下跌153點大陸及香港股市震盪一度翻紅。日韓與台股跌幅都縮小。台股開盤跳空下跌153點，目前仍在平盤以下。匯價早盤仍然偏弱。,[]
0,20150709_432,F-金可6月營收下滑 股價跳水吞跌停中國隱形眼鏡龍頭F-金可()在6月營收下滑16.67%拖累下，今(9)日股價臉綠直接跳水跌停，來到333元，公司強調，8月將結合臺灣生產的拋棄式彩片鋪貨，中國製的長拋彩片要同步推漲價的新款挹注，營收將回到成長軌道。F-金可6月受到新舊款彩片交替期影響，單月營收4.5億，月減16.67%，年減7%，累計上半年營收28.4億，年增1%，公司指出，手中上市3年的舊款彩片訂單決定不再出貨，進一步讓市場全面換新，因此拖累業績下滑。F-金可進一步指出，公司上半年完成藍片實體通路的佈局，8月將開始鋪臺灣進口產品，預計漲幅達15%的高價短拋彩片，為配合這一波漲勢，中國生產的長拋彩片也要推出漲價的新款來取代目前市場上的舊款，因此6及7兩月已停止出售舊款的海昌長拋彩片，這一部分的業績流失將由漲幅20%的新款由8月-12月彌補。F-金可表示，這樣的趨勢將持續延續到明年，全部進口產品布置完成將占到營收的20%，將毛利帶到另一波高峰。因此在低中高價位產品完全滿足市場，且沒有一個角落沒有金可的產品，營收及獲利將維持高成長。,"[['公司', '強調', '長拋彩片結合新款挹注'], ['長拋彩片', '結合', '新款挹注'], ['營收', '回到', '成長軌道'], ['公司', '指出', '拖累業績下滑'], ['彩片訂單', '決定', '出貨'], ['F金可', '指出', '公司完成通路佈局'], ['公司', '完成', '通路佈局'], ['漲幅', '達', '短拋彩片'], ['長拋彩片', '推出', '漲價新款'], ['6', '停止', '出售海昌長拋彩片'], ['F金可', '表示', '這樣趨勢延續'], ['這樣趨勢', '延續到', '明年'], ['一個角落', '沒有', '金可產品'], ['營收', '維持', '高成長']]"
0,20150709_433,承業醫6月營收衝破3億元 Q2轉虧為盈 下半年季季旺國內腫瘤醫材代理龍頭承業醫()公布6月在認列較多大型醫療儀器收入，加上併購案持續發揮綜效，營收達3.37億元，年增68.92%，月增35.56%，累計第二季營收為7.23億元，季增138.61%，法人估計第二季將會轉虧為盈，上半年維持獲利格局，逐季墊高。承業醫表示，累計上半年營收為10.29億元，年增8.95%，其中6月營收較去年同期成長68.92%，營收大幅成長是因為認列較多大型醫療儀器收入及併購案持續發揮合併綜效。今年新簽訂合約陸續發酵，營運逐季墊高。承業醫今年已與多家醫院簽訂放射腫瘤大機台安裝及升級合約，其他機台也將依實際安裝完成時間在今年下半年分別認列營收，第二季開始賺錢，下半年將會更旺，法人預期全年營收雙位數成長目標不變。承業醫在中國湖南郴州第一人民醫院的「硬體銷售+醫管顧問服務」的模式獲得醫療市場認同，與多家醫院簽訂合約及意向書，預計今年即可成功複製多個郴一獲利模式；另外與印尼前三大集團之一力寶(Lippo)結盟，初步將先在印尼雅加達合資成立醫療管理公司，3年內至少10台直線加速器的安裝，營運再添柴火。,"[['6月營收', '衝破', '3億元'], [')', '公佈', '認列醫療儀器收入'], ['併購案', '發揮', '綜效'], ['營收', '達', '3.37億元'], ['年', '增', '68.92%'], ['第二季營收', '爲', '7.23億元'], ['法人', '估計', '第二季轉虧'], ['承業醫', '表示', '是因爲列醫療儀器收入'], ['營收', '爲', '10.29億元'], ['年', '增', '8.95%'], ['併購案', '發揮', '綜效'], ['承業醫', '簽訂', '放射腫瘤大機臺安裝'], ['其他機臺', '列', '營收'], ['第二季', '開始', '賺錢'], ['法人', '預期', '成長目標不變'], ['承業醫', '獲得', '醫療市場認同']]"
0,20150709_434,華碩丟震撼彈 下調全年筆電出貨目標 股價破底創近1年半新低筆電市場今年成長動能再拉警報，品牌大廠華碩()宣布，調降今年筆電出貨總量預估，從2280萬台降到2000萬台，降幅達12%，手機出貨則維持1700-2500萬支目標，華碩強調，7月筆電出貨低迷，手機也進入平台轉換，因此營收恐較6月下滑，旺季不旺是往年未見，利空衝擊華碩股價，盤中重摔逾6%，跌到271元創波段低點。華碩第2季品牌營收達993.77億元，較第1季衰退2.7%，較去年同期成長4.1%，第2季合併營收為1084億元，季減3%，年增3%，略低於原先預期。華碩表示，受PC景氣需求不振影響，下調今年全年筆電出貨目標，從原先2280萬台降到2000萬台，減幅達12%，出貨量也較去年2030萬台少，手機出貨則維持1700-2500萬台目標。華碩也預期，7月表現在筆電出貨減少，以及手機平台轉換，營收估較6月下滑，旺季不旺的情形往年未見，整體第3季營運法人也看淡，利空衝擊華碩股價，盤中重摔逾6%，跌到271元，創波段新低。,"[['(華碩', '宣佈', '預估'], ['降幅', '達', '12%'], ['手機', '進入', '平臺'], ['華碩第2季品牌營收', '達', '993.77億元'], ['合併營收', '爲', '1084億元'], ['華碩', '表示', '下調筆電出貨目標'], ['減幅', '達', '12%'], ['華碩', '預期', '筆電出貨減少']]"
0,20150709_435,阿曼鑽油題材 台廠Q3接單旺 太陽能族群紅光滿面太陽能近期題材不斷，中東國家阿曼將建造一座全球最大太陽能電廠來鑽油，為太陽能電廠開拓新應用方式，且台灣一線太陽能電池大廠本季接單「價量齊揚」，今(9)日相關族群的股價不畏股災，逆勢上漲約4%。阿曼將在南部的Amal West油田建造發電量102.1萬瓩的太陽能設施，是全球最大規模的太陽能電廠之一，訂於2017年完工，用於鑽取黏稠度甚高的阿曼原油。這座電廠由阿曼石油開發公司負責建造，合資者包括阿曼政府、殼牌、道達爾與加州太陽能設備製造商GlassPoint Solar。太陽能電廠是近期台灣業界超夯的轉投資事業，目前傳出阿曼要用太陽能電廠鑽油，又為電廠的應用領域提供新模式。此外，太陽能進入下半年旺季，台灣的中游電池產業鏈，出現來自中國大陸的高效電池拉貨潮，可望讓第3季一線大廠的電池價格較6月份上漲，漲幅約3%至5%。,"[['中東國家阿曼', '建造', '鑽油'], ['太陽能電廠', '開拓', '新應用方式'], ['相關族羣股價', '不畏', '股災'], ['阿曼', '建造', '太陽能設施'], ['座電廠', '負責', '建造'], ['合資者', '包括', '阿曼政府GlassPoint'], ['太陽能電廠', '是', '轉投資事業'], ['阿曼', '鑽', '油'], ['中游電池產業鏈', '出現', '電池拉貨潮'], ['中游電池產業鏈出現電池拉貨潮', '來自', '中國大陸']]"
0,20150709_436,〈期指〉外資空單壓境 停損斷頭賣壓齊湧 早盤跌221點台股今日早盤仍面臨沉重賣壓，多頭陷8800點保衛戰，外資昨日同步賣超期現貨，期貨未平倉部位由多翻空，未平倉口數6820口，對走勢形成壓力，昨日跌破頸線支撐，今日早盤斷頭及程式交易停損賣單持續出籠，最低跌到8724點，再大跌221點，不過10點過後多頭隨著亞股強彈反攻，一路收斂跌幅往平盤附近靠攏，也持續填補早盤跳空缺口，挑戰重回8900點以上。台股今日早盤走勢仍疲軟，在權值股、高價股都未表態撐盤，電子股走勢一片綠油油，金融、傳產連袂走跌，壓抑指數表現，今以跳空下跌93點開盤，缺口對多頭形成壓力，現貨開盤後賣壓出籠，包含斷頭與程式交易停損交易影響下，最低跌到8724點，大跌221點。除外，電子、金融期也同步向下探底，電子股整體表現不佳，電子期盤中最低跌到339.15點，跌幅2.6%，金融期走勢也弱，一度跌到1122點，跌幅2.77%，較電子與跌幅都大。不過10點過後亞股開始強力反彈攻高，、金融期與電子期多頭也突襲上攻，收斂跌幅重回8900點以上，距離回補早盤跳空缺口僅差22點，金融期與電子期也同步上攻。不過外資淨空單部位達6820口，投信也達1502口，對走勢仍形成壓力，技術面上也都破頸線支撐，斷頭及程式交易停損賣壓已在昨日觸發，法人認為，短線急跌可望有機會強彈，不過昨日黑K棒壓陣，多空預料會在8800-8900點附近交戰，靜待明確方向。,"[['早盤', '跌', '221點臺股'], ['早盤', '面臨', '壓'], ['一路收斂', '賣', '超期現貨'], ['電子股', '走勢', '一片綠油油'], ['缺口', '形成', '壓力'], ['亞股', '開始', '高'], ['收斂跌幅', '重回', '8900點以上'], ['外資淨空單部位', '達', '6820口'], ['投信', '達', '1502口'], ['法人', '認爲', '短線急跌可望']]"
0,20150709_437,聯亞今起詢圈 抽到現賺逾10萬 6月營收飆新高興櫃股王聯亞光電()今(9)日正式對外詢價圈購，區間價為273-310元，以目前興櫃價375元來計算，1張價差10萬起跳，勢必掀起申購熱潮。公司6月營收1.64億元，月增8.52％，年增45.09％，連續4個月創下新高。目前聯亞客戶以台灣、美國和中國大陸為主，其中美國佔營收的4成，中國大陸佔33%，台灣則佔25%，今年光通訊產品佔營收約65%，矽光產品30%，工業用與消費用雷射產品佔5%。目前有14台的MOCVD在線上，但產能仍有15-20%的缺口，目前全力擴產，第4季再導入4台MOCVD預計年底量產，可望再增加2成產能。聯亞第2季營收4.66億元，季增20%，年增40.21%，單月單季均創下歷史新高，聯亞指出，一季一次的標案持續進行中，公司將非常忙碌，計畫年底完成Face 4建置，營運有信心逐季墊高，今年營收獲利將超越去年。,"[['區間價', '爲', '273-310元'], ['公司', '營收', '1.64億元'], ['中國大陸', '佔', '33%'], ['臺灣', '佔', '25%'], ['工業用產品', '佔', '5%'], ['產能', '有', '1520%缺口'], ['年', '增', '40.21%'], ['聯亞', '指出', '忙碌'], ['持續', '進行', '一季一次標案'], ['營收穫利', '超越', '去年']]"
0,20150709_438,八仙塵爆 遠傳捐500萬並發動員工捐款八仙塵爆事件震驚全國，傷者亟需醫療支援及相關的照顧，為協助傷患能夠走過漫長的復健之路，遠東集團結合旗下相關企業共同捐助2000萬元給新北市社會局「八仙粉塵氣爆救助專案」愛心專戶，遠傳()共同捐出500萬元之外，同時發動員工內部捐款將款項捐至陽光基金會，盼望能為傷患的醫療與後續照護提供更多協助，陪他們度過這個難關。遠傳指出，八仙塵爆事件發生後，為協助傷患緊急救助與復健，遠東集團先前已捐贈旗下專利的高效敷料一批給榮總、三總、亞東等各大醫院使用，讓傷患在傷口恢復期，可以得到最適當的照護，可以恢復的更好、更快。遠傳說，塵爆傷患除要承受現在身體上的痛苦，後續還需要長期的醫療照護，為協助傷患能夠走過漫長的復健之路，遠東集團結合旗下遠東新、亞泥、遠百、太平洋SOGO百貨及遠傳等關係企業持續關懷傷患，將共同捐助2000萬元給新北市社會局「八仙粉塵氣爆救助專案」愛心專戶。此外，遠東集團對行政院長毛治國，新北市長朱立倫對這次塵爆事件傷患家屬所提的『照顧假』政策所表達的關懷，表示認同與支持。,"[['事件', '震驚', '全國'], ['傷者', '亟需', '醫療支援'], ['遠東集團', '結合', '相關企業'], ['遠', '傳', '愛心專戶'], ['塵爆傷患', '承受', '身體上痛苦'], ['後續', '需要', '醫療照護'], ['遠東集團', '結合', '關係企業'], ['這次塵爆事件傷', '患', '家屬'], ['新北市長朱立倫', '表示', '認同']]"
0,20150709_439,群創除息秀逆轉翻紅邁向填息 友達同步止跌面板雙虎相繼除息，今(9)日群創()0.7元現金股利除息，早盤受台股一度重挫逾200點的衝擊，股價以小紅開出後一度翻黑，但低接買盤湧進下推升股價翻紅一度拉升至14.1元，盤中漲幅逾4%，穩步邁向填息，友達()也同步止跌反彈。群創昨日棄息賣壓沈重，造成股價重挫下探半年多低點，但是外資卻是逆勢買超4040張，投信及自營商則都是賣超，群創預計今日盤後公告6月營收，受IT面板需求走弱、電視面板季底庫存調整壓力的影響，市場推估群創第2季營收可能不到千億元，面板廠第3季展望保守，造成近期股價走弱。群創今日以13.5元小紅開出，受大盤早盤重挫衝擊，一度翻黑下滑至13.25元，下探8個多月新低，不過，在急跌過後買盤進場，股價翻紅拉升，盤中漲幅逾4.4%，朝填息之路邁進。友達在除息當天雖力圖振作，不過仍不敵賣壓而下跌，在連續貼息3天後，股價下探波段低點，不過，外資昨日大買友達，買超40338張，自營商則是賣超5644張，今日股價隨著群創反彈同步止跌，早盤以12.7元平盤開出，一度下跌至12.4元後翻紅衝達13.1元，盤中漲幅1.96%，止住貼息頹勢。友達6月合併營收305.6億元，月減2.1%，年減10.4%，友達累計今年第2季合併營收923.03億元，較第1季下降3.1%，創12個季度的新低，與2014年同期相比減少9.5%；累計上半年合併營收1876.05億元，較去年同期1958.44億元減少4.2%，預計在7月28日召開線上法人說明會。,"[[')', '止', '跌'], ['昨日棄息', '賣壓', '沈重'], ['外資', '卻是', '買'], ['投信', '都是', '賣超'], ['營收可能', '不到', '千億元'], ['面板廠第3季', '展望', '保守'], ['面板廠第3季展望保守', '造成', '近期股價走弱'], ['盤中漲幅', '逾', '4.4%'], ['友達', '力圖', '振作'], ['股價', '探', '波段低點'], ['自營商', '是', '超5644張'], ['9.5%', '友達', '6月'], ['1958.44億元', '減少', '4.2%']]"
0,20150709_440,昇達科6月營收創新高 4G LTE及物聯網下半年成長動能微波高頻元件設計製造公司昇達科技()2015年下半年以4G LTE及物聯網為主要推升業績成長動能，而昇達科技在6月的營收即以1.27億元改寫歷史新高紀錄，年增率達16.1%，2015年第2季營收也達3.31億元，較首季成長9.93%，今年營運可望逐季成長。昇達科技2015年第1季營收為3.02億元，也較2014年同期的2.87億元成長5.3%。而第1季毛利率躍升到40.86%，較去年同期財報的36.7%增加4.15個百分點，營業利益5621萬元，稅前盈餘5300萬元，稅後盈餘4333萬元，每股稅後盈餘為0.85元。法人預估其第2季單季每股稅後盈餘將明顯突破1元水準。昇達科技在2014年營運維持穩定成長，且其獲利成長幅度更勝過營收成長，每股稅後盈餘為3.57元，首季獲利表現也超出市場預期，其6月營收改寫新高，獲利的成長幅度將明顯超越訂單；昇達科技而第3季的出貨將在4G LTE、Small cell帶動下增長；同時，物聯網產品並將在第3季進入量產出貨期。昇達科技主管分析指出，2015年的第3季產品面動向上，4G LTE、Small cell建置帶動下增長；同時，在物聯網產品並將在第3季進入量產出貨期，其營收占比將明顯提高；而客戶端方面，第3季美國主要客戶的近期市場訂單明顯增加，而就昇達科技的前五大客戶來看，客戶端也看好第3季的業績成長；而在昇達本身而言，生產營運規模的增加，也明顯挹注毛利率在第3季的進一步成長。昇達科技今天除息約4.08元，發出2.1億元的現金股息給股東，其除息參考價為71.3元，股價以業績為後盾填息，盤中呈現2.3%的漲幅。,"[['在營收', '改寫', '歷史新高紀錄'], ['年增率', '達', '16.1%'], ['2015年第2季營收', '達', '3.31億元'], ['2015年第1季營收', '爲', '3.02億元'], ['第1季毛利率', '躍升到', '40.86%'], ['去年同期財報36.7%', '增加', '4.15個百分點'], ['稅後盈餘', '爲', '0.85元'], ['法人', '預估', '稅後盈餘突破1元水準'], ['稅後盈餘', '突破', '1元水準'], ['在營運', '維持', '穩定成長'], ['成長幅度', '勝過', '營收成長'], ['每股稅後盈餘', '爲', '3.57元'], ['獲利表現', '超出', '市場預期'], ['成長幅度', '超越', '訂單'], ['物聯網產品', '進入', '量產出貨期'], ['升達科技主管分析', '指出', '4Gcell建置帶動下增長'], ['4Gcell建置', '帶動', '下增長'], ['物聯網產品', '進入', '量產出貨期'], ['營運規模增加', '挹注', '進一步成長'], ['除息參考價', '爲', '71.3元'], ['股價', '爲', '後盾填息'], ['盤中', '呈現', '2.3%漲幅']]"
0,20150709_441,上半年六都家戶購屋比出爐 桃園市蟬聯冠軍台灣房屋智庫根據六都民政局公布的上半年家庭戶數，統計出六大都會區的家戶購屋比狀態，發現上半年每百戶家庭購屋買氣熱絡排名，依序為桃園最高，台中居次，新北以0.1個百分點小贏高雄，排在第3位。台灣房屋統計，六都上半年家戶購屋比依序分別為桃園2.4%，台中2.2%，新北1.6%，高雄1.5%，台南1.4%，台北1.3%。台灣房屋智庫資深分析師陳炳辰指出，桃園升格為直轄市後，上半年家庭購屋比仍為六都之冠，每百戶就有2.4戶購屋，主要是因為桃園在選擇性信用管制措施後，短線投資客早已紛紛退場，加上房地合一稅將上路，自住型買盤和長期置產型買家結構更為穩固，讓房價基期相對低、機能發展後勢看好的地區，吸引消費者青睞度不減。不過，若比起去年同期，六都家戶購屋表現全面下滑，主因為上半年房市延續去年紛擾，買氣不明朗，尤其是台北市上半年的家戶購屋比敬陪末座，僅1.3%，等於每百戶幾乎只買1件房產，比起2013年上半年2%的家戶購屋比，顯然買氣腰斬。而減幅最少的是台南市，僅下滑0.2個百分點至1.4%，這是因為台南投資氛圍不如其他直轄市來的強，讓數據走勢較為平穩。陳炳辰表示，所幸房地合一實價課稅底定，有助於穩定市場不安氣氛，且因日出條款訂在明年，買主傾向趁早入市，下半年房市回溫可期。,"[['六都家戶購屋', '統計', '比狀態'], ['依序', '爲', '最高'], ['新北', '排在', '第3位'], ['資深分析師陳炳辰', '指出', '家庭購屋比爲六都之冠'], ['家庭購屋比', '爲', '六都之冠'], ['每百戶', '有', '2.4戶購屋'], ['主', '因爲', '房市延續紛擾'], ['房市', '延續', '紛擾'], ['每百戶', '買', '1件房產'], ['2013年上半年2%家戶', '購', '屋'], ['2013年上半年2%家戶', '購', '屋'], ['最少的', '是', '臺南市'], ['這', '是因爲', '強'], ['陳炳辰', '表示', '合一實價課稅底定有助於穩定不安氣氛'], ['合一實價課稅底定', '有助於', '穩定不安氣氛']]"
0,20150709_442,F-福貞6月營收揚帆 旺季報到 Q3業績看旺大陸金屬包裝大廠F-福貞()6月營收4.36億元，年增44.94%，月減10.22%，累計上半年營收30.77億元，年減0.58％，隨著進入下半年出貨旺季，加上二片式鋁罐新產線報到，法人估計第三季營收季增雙位數。F-福貞下半年因孫公司福建福貞二片式鋁罐金屬包裝產線於第三季度正式開始接單，增加集團整體銷量；新產業線二片式鋁罐設備投入，加上三片式馬口鐵罐及充填罐裝代工事業的共同發展，更具生產規模，更加多元化。F-福貞表示，第二季為馬口鐵金屬包裝產業傳統淡季，截至目前為止，今年第二季單季營收已逐漸回歸金屬包裝產業正常走勢，隨著下半年中國大陸夏季市場，接單出貨逐步恢復成長水準，法人估計第三季營收較上季雙位數成長。,"[['Q3業績', '報到', '4.36億元'], ['月', '減', '10.22%'], ['法人', '估計', '增雙位數'], ['F福貞', '開始', '接單'], ['-福貞', '表示', '第二季爲傳統淡季'], ['第二季', '爲', '傳統淡季'], ['單季營收', '迴歸', '正常走勢'], ['法人', '估計', '較上季雙位數成長']]"
0,20150709_443,《股市》10:01台股加權 報8889.06點，跌-87.05點或-0.97%《股市》10:01台股加權 報8889.06點，跌-87.05點或-0.97%。免責聲明：本文所載資料僅供參考，並不構成投資建議，鉅亨網對該資料或使用該資料所導致的結果概不承擔任何責任。該資訊若與事實不符，應以商品原交易所之公佈為主。,"[['8889.06點', '跌', '87.05點'], ['8889.06點', '跌', '87.05點'], ['導致結果', '承擔', '任何責任']]"
0,20150709_444,《股市》10:01台股店頭 報127.81點，跌-1.80點或-1.39%《股市》10:01台股店頭 報127.81點，跌-1.80點或-1.39%。免責聲明：本文所載資料僅供參考，並不構成投資建議，鉅亨網對該資料或使用該資料所導致的結果概不承擔任何責任。該資訊若與事實不符，應以商品原交易所之公佈為主。,"[['01臺股店頭', '報', '127.81點'], ['01臺股店頭', '報', '127.81點'], ['導致結果', '承擔', '任何責任']]"
0,20150709_445,《股市》10:00台期指07 報8864.00點，跌-81.00點或-0.91%《股市》10:00台期指07 報8864.00點，跌-81.00點或-0.91%。免責聲明：本文所載資料僅供參考，並不構成投資建議，鉅亨網對該資料或使用該資料所導致的結果概不承擔任何責任。該資訊若與事實不符，應以商品原交易所之公佈為主。,"[['導致結果', '承擔', '任何責任']]"
0,20150709_446,遠百投資55億元竹北開City系列購物中心遠東百貨()今(9)日宣布轉投資「竹北新世紀購物中心股份有限公司」與新竹縣政府簽訂「新竹縣竹北市停八停車場」開發和經營權，將在此興建City系列購物商場和公共停車場，預計投資金額約55億元，2019年可加入營運行列遠百表示，此投資標的土地面積合計約20276.7平方公尺，許可年限自簽訂投資契約之日起算，包括興建與營運期間共計50年。由於此地點鄰近中山高速公路竹北交流道，交通極其便利，且遠百看好大新竹地區市場成長潛力，認為興建大型購物中心是趨勢，將複製City系列購物中心成功模式至此，預計2019年營運。遠百表示，新商場規畫打造成為「富含客家文化特色、休閒育教娛樂、商品精采多元、便利生活服務、寬敞環保共生空間」，將是新竹縣第1座綠建築環保的複合式購物商場和公共停車場，期許和新竹縣政府攜手打造全新地標，共創公有土地最佳利用典範。新竹縣政府表示，為活化公共設施、提升停車場使用率和周邊商業機能，主辦的「停八停車場BOT案」與「竹北新世紀購物中心股份有限公司」簽約並正式啟動，本案透過民間投資參與，可減輕政府財政負擔並創造財稅收入，更能帶動周邊地區活絡而加速經濟發展。「竹北新世紀購物中心股份有限公司」是由最優申請人遠百新世紀開發股份有限公司100%持股，專為「停八停車場BOT案」設立，並依規定完成簽約應辦事項，全案特許期限50年，執行過程需辦理都市設計審議、交通影響評估、建造執照、水電消防申請、使用執照等相關法令程。遠百目前營運中的City系列有板橋大遠百Mega City、新竹巨城Big City以及台中遠百店Top City，興建中的則有台北信義店、高雄遠百店，分別預計在2017、2018年加入營運，此次竹北店完成簽約，為City系列在台布局再添新動能。,"[['開City系列購物中心遠東百貨', '宣佈', '轉投資竹北新世紀購物中心股份有限公司簽訂停八停車場開發經營權'], ['轉投資竹北新世紀購物中心股份有限公司', '簽訂', '停八停車場開發經營權'], ['新竹縣竹北市', '停', '八'], ['自', '簽訂', '投資契約'], ['許可年限', '包括', '共計50年'], ['遠', '百看好', '成長潛力'], ['興建大型購物中心', '是', '趨勢'], ['遠百', '表示', '新商場規畫打造'], ['「', '富含', '文化特色'], ['、', '便利', '生活'], ['新竹縣政府', '表示', '與簽約啓動'], ['本案', '透過', '民間投資參與'], ['竹北新世紀購物中心股份有限公司', '是', '持股'], ['執行過程', '需', '辦理相關法令程'], ['City系列', '有', '板橋大遠百Mega CityCity'], ['興建中的', '有', '臺北信義店'], ['竹北店', '完成', '簽約']]"
0,20150709_447,佳穎0.3元股息7/23除息 上半年獲利估超越去年全年金屬沖壓件廠佳穎精密() 2015年以來電子事業部門的業績快速成長，其中應用於車載產品的比重已達50%以上，1-6月營收2.54億元，已較去年同期成長24.53%；依其出貨結構及毛利率走升態勢估算，上半年的稅後盈餘已超過2014年全年的1845萬元。同時，佳穎精密已召開股東會，並通過對於去年的股利配發0.3元現金股息，為近7年來股利配發的新高水準，佳穎精密並敲定0.3元現金股息在7月23日除息交易，於8月13日發放。佳穎精密主管指出，2015年以來佳穎電子事業部門的業績成長，其中對於車用連接器沖壓件已占達50%的營收，而汽車LED車燈的支架也占20%的營收。這些都是引導佳穎獲利向上竄升的重要因素。以佳穎首季財報來看，營收為1.28億元，毛利率則上升到29.15%，較去年同期成長2.45個百分點，首季稅後盈餘也達1165萬元，已達2014年全年獲利的1845萬元的63.14%；而第2季營收為1.26億元，較第1季下滑1.39%；目前電子事業部門的訂單依然看好。同時，佳穎精密成立營建事業之後的在台建案處女作林口「Hometel」建案，即將在今年第4季完工入帳，也將成為對於佳穎精密下半年的獲利大補丸，預計此一建案的入帳將對今年佳穎精密獲利貢獻達1.4億元，每股貢獻並達1.25元。,"[['其中', '應用於', '車載產品'], ['應用於車載產品比重', '達', '50%以上'], ['稅後盈餘', '超過', '2014年全年1845萬元'], ['佳穎精密', '召開', '股東會'], ['佳穎精密', '敲定', '現金股息'], ['精密主管', '指出', '佳穎電子事業部門業績成長'], ['衝壓件', '佔達', '營收'], ['LED車燈支架', '佔', '20%營收'], ['這些', '都是', '重要因素'], ['營收', '爲', '1.28億元'], ['毛利率', '上升到', '29.15%'], ['稅後盈餘', '達', '1165萬元'], ['第2季營收', '爲', '1.26億元'], ['佳穎', '成立', '營建事業'], ['精密', '成立', '營建事業'], ['佳穎獲利貢獻', '達', '1.4億元'], ['每股貢獻', '達', '1.25元']]"
0,20150709_448,金利精密平鎮廠遭祝融 仍有備貨可供應未釀重大損失金屬沖壓件廠金利精密()在桃園平鎮廠區在昨天中午發生火警，火勢在下午5時30分撲滅，金利精密到總經理林華星指出，實際起火原因尚待鑑定，公司生財器具皆有保險具備有數天存貨可供貨，對金利出貨、財務及業務並沒有重大影響。沖壓件廠金利精密在桃園平鎮廠區在昨天中午發生火警，桃園縣政府消防局在12點14分接獲報案，並進行搶救，火勢在下午2時控制並進行殘火處理至5時30分完全撲滅。桃園縣政府消防局指出，金利精密的火警計派出17部消防車進行灌救。金利精密在2015年營收2.07億元，稅後虧損1237萬元，每股稅後虧損0.17元。,"[['起火原因', '待', '鑑定'], ['生財器具', '有', '保險'], ['桃園縣政府消防局', '接獲', '報案'], ['火勢', '控制', '殘火處理'], ['桃園縣政府消防局', '指出', '金利精密火警計派出'], ['每股', '虧損', '0.17元']]"
0,20150709_449,台灣加權指數9日早盤下跌209.02 點或2.33 % 報 8767.09 點台灣9日早盤下跌209.02 點或2.33 %，報 8767.09 點，成交金額127.36億元。,[]
0,20150709_450,7-11開放200元中獎發票儲值悠遊卡 估增50萬來客數統一超()7-ELEVEN為提升便利服務，宣布即日起開放200元中獎發票(含傳統紙本發票和電子發票)可兌換儲值於3家電子票證，包括icash、悠遊卡和一卡通，預估將增加50萬的來客數。 統一超表示，7-ELEVEN多年來提供民眾可持200元中獎發票，於門市兌換等值商品的服務，但觀察到有超過半數以上的消費者都希望能兌換成現金使用，因此，在去年12月率先開放icash儲值200元中獎發票，成功吸引更多消費者使用，為了服務更多民眾，此項服務再加入悠遊卡、一卡通，讓消費者不再侷限商品兌換，還可儲值於電子票證中，分多次消費。另外，統一超針對暑期消費旺季也推新活動，即日起至8月4日7-ELEVEN推出持icash、icash聯名卡、悠遊卡、悠遊聯名卡、一卡通、一卡通聯名卡於門市購買指定品項，包括休閒零食、面膜、牙膏、飲料、泡麵等共50款以上的商品，即可享有最低買1送1、任選第2件5折等優惠。,"[['50萬來客數統一', '超', '7'], ['50萬來客數統一', '超', '7'], ['50萬來客數統一超7ELEVEN', '爲', '提升便利服務'], ['(', '含', '紙本發票'], ['統一', '表示', '提供中獎發票'], ['到', '有', '超過半數以上'], ['有超過半數以上消費者', '希望', '兌換'], ['此項服務', '加入', '悠遊卡'], ['最低', '買', '1']]"
0,20150709_451,創見6月營收持平 策略產品出貨創新高創見()公布6月合併營收19.6億元，與上月持平，較去年同期減少10.7%；以產品營收結構來看，消費型Flash產品占整體營收比重36.9%最高，其次是工控產品的33.1%，策略性產品線中的行車紀錄器，在市場好評不斷與新機種陸續上市的帶動下，6月出貨量創新高。創見統計，6月工控產品營收6.48億元，占整體營收比重33.1%；策略性產品營收3.43億元，占整體營收比重17.5%；消費型Flash產品營收7.23億元，占整體營收比重 36.9%；標準型DRAM產品營收2.45億元，占整體營收比重12.5%。 創見表示，6月Flash價格在短暫反彈後緩步走跌，DRAM價格則維持緩跌趨勢，整體消費型Flash與標準型DRAM產品在通路市場需求仍顯保守，SSD固態硬碟雖在消費產品市場競爭日趨白熱化，但仍保持一定的成長動能，特別是工控領域的應用已逐漸增加，後續將可望配合專案量產放量，策略性產品線中的行車紀錄器，6月出貨量創下新高，工控產品因配合部分客戶年度盤點，6月營收持平。 展望7月，創見指出，將持續擴展策略性產品廣度，穿戴式攝影機DrivePro Body 10正式問世，提供警護相關專業人員最強大的影像紀錄裝置，此外，針對4K高階攝影裝置，推出每秒讀寫分別達510MB與370MB驚人速度的CFast 2.0 CFX650，為市面上讀寫速度最快的記憶卡，展現在數位儲存媒體的領導地位。,"[['Flash產品', '佔', '整體營收'], ['Flash產品', '佔', '整體營收'], ['其次', '是', '行車紀錄器'], ['工控產品', '營收', '6.48億元'], ['\xa0創見', '表示', '跌'], ['DRAM價格', '維持', '緩跌趨勢'], ['在需求', '顯', '保守'], ['工控領域應用', '保持', '成長動能'], ['6月出貨量', '配合', '專案量產放量'], ['2.0CFastCFX650', '爲', '最快記憶卡']]"
0,20150709_452,台股7月9日 訊息盤點(五) 外資報告(1) 台灣6月出口衰退，讓即將上場的科技股法說會蒙上陰影，摩根大通證券評估亞洲科技股第二季獲利將會「利空多於利多」，僅智慧型手機供應鏈、面板、自動化電子三大族群營業獲利年成長率較佳，而下半年營運展望則是日本＞南韓＞台灣。摩根大通證券認為，以台灣科技股為例，可能僅有聯發科、可成、瑞儀等3檔的第二季獲利表現有機會優於外資圈預期。摩根大通證券指出，對亞洲科技股來說，上半年受到蘋果產品以外、幾乎全面性消費性電子產品需求疲弱影響，包括品牌與其供應鏈等個股的股價表現並不理想，第二季營收年成長率預估將下滑5％。下半年科技業展望，摩根大通證券認為PC、智慧型手機、電視等產品需求不宜太過樂觀，供應鏈也因此會受到影響；此外，基於部分高階產品關鍵零組件（如行動DRAM、照相鏡頭模組等）的升級需求，看好部分智慧型手機供應鏈下半年成長力道。,"[['營運展望', '是', '南韓臺灣'], ['摩根大通證券', '認爲', '僅有表現有機會優於外資圈預期'], ['表現有機會', '優於', '外資圈預期'], ['摩根大通證券', '指出', '疲弱'], ['科技業', '展望', '摩根大通證券認爲等PC產品需求不宜樂觀'], ['摩根大通證券', '認爲', '等PC產品需求不宜樂觀'], ['等PC產品需求', '不宜', '樂觀'], ['供應鏈', '受到', '影響']]"
0,20150709_453,"台股7月9日 訊息盤點(四) 歐美股市(1) 紐約證券交易所(NYSE)盤中一度因為電腦技術性問題暫停交易近四個小時，再加上中國經濟因陸股連番重挫而蒙上陰影、聯邦公開市場操作委員會(FOMC)紀錄顯示官員認為海外經濟危機恐衝擊美國本土、希債危機尚待解決等多重利空因素干擾，使得工業平均指數重挫逾260點、創5個月以來收盤新低。工業平均指數7月8日終場下挫1.47%(261.49點)、收17,515.42點，創2月2日以來收盤新低。指數下挫1.75%(87.7點)、收4,909.76點，創4月2日以來收盤新低。標準普爾500指數下挫1.67%(34.66點)、收2,046.68點，創3月11日以來收盤新低。指數下挫2.62%(17.66點)、收655.25點，創2月9日以來收盤新低。NYSE以內部電腦故障為由暫停交易，但網路安全類股仍在市場猜測是不是駭客攻擊的激勵下逆勢走揚。保護組織免於駭客入侵的Cyberark Software盤中一度跳漲逾5%，終場漲幅則收斂至0.3%。資料安全服務商Imperva也同步上漲1.98%。(2) 歐股週三持續在平盤上下震盪，儘管泛歐Stoxx 600指數終場僅小漲0.04%、收在373.44點，但至少之前連四日走跌紀錄終於劃下句點。希臘為避免破產，已正式提出第三次紓困，希望以退休金與稅改交換三年期紓困。希臘總理齊普拉斯（Alexis Tsipras）當日在歐洲議會上表示，幾天之內就會提報改革方案，並坦承希臘正瀕臨破產。泛歐Stoxx 600十九大分類指數多收高，領漲的有原物料、公用事業與銀行類股等，汽車零件類股為當日唯一走跌的族群。","[['FOMC紀錄', '顯示', '官員認爲美國本土待利空因素干擾'], ['官員', '認爲', '美國本土待利空因素干擾'], ['美國本土', '待', '利空因素干擾'], ['工業平均指數', '下挫', '261.49點'], ['標準普爾500指數', '下挫', '(34.66點'], ['NYSE', '暫停', '交易'], ['網路安全類股', '猜測', '攻擊激勵'], ['保護組織', '免於', '駭客入侵'], ['保護組織', '免於', '駭客入侵'], ['漲', '逾', '5%'], ['終場漲幅', '收斂至', '0.3%'], ['資料安全服務商Imperva', '上漲', '1.98%'], ['希臘', '提出', '第三次紓困'], ['希臘總理齊普拉斯Alexis Tsipras', '表示', '報改革方案'], ['領漲的', '有', '等物料'], ['汽車零件類股', '爲', '走族羣']]"
0,20150709_454,台股7月9日 訊息盤點(三) 盤前分析(1) 台股昨(8)日大跌274點，終場收在8976點，跌幅2.96%，創下2011年8月19日以來最大跌點；美股今晨未止血，恐為今日台股續添壓力，尤其台股指數在昨天急跌後，散戶融資部位已陸續「自我了斷」，後市宜慎防追繳令發出後，斷頭賣壓是否大舉湧現。三大法人昨天同步賣超達217.7億元，其中，外資大砍台股154.1億元，且刀刀砍在電子、金融股權值股身上，在更是大舉偏空操作上萬口；而散戶融資遽降29億元，融資餘額降到1847億元低水位，為2013年11月以來新低。在希臘債務問題懸而未決、中國股市暴跌、紐約證券交易所交易全面停擺影響下，美股指數終場全面下跌作收。收盤下跌超過250點，標普500指數也收在200日均線之下。美股低迷，恐持續威脅亞股神經。(2) 今日觀盤重點，股王大立光昨天重挫4.93%，收3280元，略跌破季線的3283元點位，不過若自3日3710元收盤新高價算下來，至昨天的收盤價，本周來大立光股價已大跌11.59%，總市值也因此蒸發了577億元，大立光宣布7/16將召開法說會，股王是否止穩，將牽動高價股重災區的走勢。整體來說，台股昨天爆量下殺，且也帶量向下跌破近1個月以9250點為中心的震盪盤整區間，各類股期指全部都改寫波段新低，加上三大法人大舉偏空，賣超標的也明顯悲觀，在市場上無明顯利多撐盤下，恐繼續引爆多殺多賣壓，台股恐還有低點。,"[['續', '添', '壓力'], ['三大法人', '賣', '超'], ['外資', '砍', '154.1億元'], ['刀刀', '砍在', '電子金融股權值股身上'], ['融資餘額降', '爲', '2013年11月以來新低'], ['美股指數', '下跌', '作收'], ['收盤下跌', '超過', '250點'], ['標普500指數', '收在', '200日均線之下'], ['股王大立光', '重挫', '4.93%'], ['大立光股價', '大跌', '11.59%'], ['總市值', '蒸發', '577億元'], ['股王', '止', '穩'], ['9250點', '爲', '中心'], ['各類股期', '指', '改寫新低'], ['，', '賣', '超標'], ['市場上', '無', '多撐盤下'], ['臺股恐', '還有', '低點']]"
0,20150709_455,"台股7月9日 訊息盤點(二) 個股訊息(1) 繼宏碁連續數月營收表現不振之後，昨（8）日華碩也宣布下修今年NB出貨目標，從原本的2,280萬台修正至僅剩2,000萬台，下修幅度達到12％。微軟的新作業系統Win 10從上市前就引發消費者觀望，緩買效應使得PC需求出現停滯。後續又因為訴求免費升級、難以刺激出大規模的換機潮，使得今年各品牌廠商的營運備感艱辛。今年上半年，「台灣雙A」之一的宏碁，已先遭這波需求冷鋒衝擊，4、5月皆未達200億元、創近年新低表現，讓外界對其第2季獲利拉警報。而今，營運相對穩定，且有手機事業撐盤的華碩，也在昨（8）日公告6月營收之際，宣布調降全年NB出貨預估。(2) 研華（2395）公佈6月營收37.31億元創新高，月增24.16％，年增19.94％，第2季營收100.26億元，季增14％，年增8.07％，單季百億元營收達陣，主因北美、中國市場需求強力挹注，主要事業群則維持溫和成長趨勢。累積研華前6月營收188.12億元，年增7.95％，未達雙位數成長走勢，然內部仍以全年雙位數成長為目標，估計第3、4季平均也需要在單季百億元的穩健趨勢之上。(3) IC封測龍頭廠日月光（2311）受惠於蘋果新機iPhone 6S／6S Plus自6月開始貢獻業績，單月合併營收達248.32億元，較5月成長6.30％，年成長則高達27.43％，創下今年以來單月新高，也推升第2季集團合併營收達702.22億元，是有史以來業績最好的第2季。隨著蘋果訂單放量、加計非蘋通訊晶片訂單回籠，日月光預估第3季將持續成長走勢。法人則看好日月光將在第3季以跨過800億元刷新歷史新高紀錄。(4) 台股重挫讓面板除息表現不佳，友達（2409）持續貼息，盤中再創8個多月來的波段低點。群創（3481）今年將發放0.7元現金股利，預計9日除息，盤中湧現棄息賣壓，跌幅高達6.91％，股價創下半年來的新低。至於觸控面板廠F-TPK宸鴻（3673）與F-GIS業成（6456）股價也雙雙重挫。(5) 台股昨（8）日重挫274點，造成融資餘額銳減近30億元，隨著台股昨日收盤創下今年新低，高融資使用率股將成為市場箭靶，有12檔個股昨日股價殺聲隆隆。玉山投顧統計，包括昇銳、滬深2X、上証2X、F-IET、陽程、萬國、勝麗、森鉅、晟銘電、佳邦、清惠及創惟等12檔個股昨日跌幅超過大盤，下跌3～10％以上。(6) 大宇資（6111）旗下知名IP「仙劍奇俠傳六」正式上市，預購數量突破15萬套，數位版的下載也造成當機。受惠熱門遊戲上市，法人預估大宇資訊7月份營收將上看億元。「仙劍奇俠傳」也授權中國大陸騰訊開發出仙劍手遊卡牌遊戲，該遊戲在台灣市場則是授權給G妹遊戲代理，對大宇資訊來說，該遊戲只有IP授權金的收入，沒有營收拆帳。","[['華碩', '宣佈', 'NB'], ['下修幅度', '達到', '12％'], ['10Win', '引發', '消費者觀望'], ['臺灣雙A之一宏碁', '遭', '冷鋒衝擊'], ['5月', '達', '新低表現'], ['全年', 'NB', '出貨'], ['研華', '公佈', '高'], ['年', '增', '19.94％'], ['百億元', '增', '14％'], ['主要事業羣', '維持', '成長趨勢'], ['內部', '爲', '目標'], ['第3', '需要', '在'], ['iPhone6S／6SPlus', '開始', '貢獻業績'], ['單月合併營收', '達', '248.32億元'], ['成長', '高達', '27.43％'], ['法人', '看好', '日月光刷新歷史新高紀錄'], ['日月光', '刷新', '歷史新高紀錄'], ['友達2409', '持續', '貼息'], ['羣創3481', '發放', '現金股利'], ['股價', '創', '下半年來新低'], ['高融資使用率股', '成爲', '市場箭靶'], ['昨日跌幅', '超過', '大盤'], ['預購數量', '突破', '15萬套'], ['數位版下載', '造成', '當機'], ['法人', '預估', '營收看億元'], ['營收', '看', '億元'], ['仙劍奇俠傳', '授權', '騰訊開發仙劍手遊卡牌遊戲'], ['該遊戲', '授權給', '遊戲代理'], ['該遊戲', '只有', 'IP授權金收入']]"
0,20150709_456,台股7月9日 訊息盤點(一) 部會消息(1) 中央研究院8日公布，修正2015年台灣經濟情勢總展望，將全年實質GDP成長率由去年底預測的3.38％下修至3.24％，降幅0.14個百分點，也是首家GDP成長率估值低於主計總處的預測機構，中研究並表示，本次下修預測時尚未納入6月出口衰退的影響，如果加計這部分，可能要再降0.13個百分點至3.11％，即今年頂多勉強保3。(2) 毛揆昨天要求財經部會提供出口衰退分析資料，指示了解鄰國是否和台灣面臨相同處境，並找出原因，開出藥方。國發會主委杜紫軍表示，已就總體經濟情勢展開分析，陸股是否造成中國大陸今年經濟硬著陸，將成研究重點。政院官員也提出警告，大陸今年經濟衰退恐不樂觀，對倚賴大陸甚深台灣，衝擊應比希臘問題嚴重，我對陸倚賴度高，若外需不保，內需更應加強研擬對策，防患未然。(3) 今年上半年六都買賣移轉棟數年減2成，六都家戶購屋比也全面下滑，從去年上半年的2.14％下滑至今年的1.69％，表示今年上半年六都平均每百戶家庭僅1.69戶購屋，相較去年同期少了0.45戶，其中，北市每百戶家庭僅1.3戶購屋最為冷清，僅剩「純自住」的基本買盤撐盤。(4) 立法院已修正勞基法將每周工時上限訂在40小時，但是對於縮短工時的配套措施每月加班時數上限，還沒有通過。立法院長王金平昨（8）日當面對工商企業界「交心」說，下會期同意為工商界爭取56至60小時的加班工時，但56小時「比較穩」，60小時還要「多努力」。(5) 國家通訊傳播委員會（NCC）昨（8）日針對亞太電信使用台灣大哥大網路通案討論，決議未來業者可以使用他人網路提供服務，但必須申請變更事業計畫書報NCC核准。NCC之前已經對亞太電信罰款30萬元，接下來也會對台灣大開罰。,"[['去年底', '預測', '修'], ['預測修降幅', '也是', '預測機構'], ['GDP成長率估值', '低於', '主計總處'], ['GDP成長率估值', '低於', '主計總處'], ['鄰國', '面臨', '相同處境'], ['國發會主委杜紫軍', '表示', '展開分析'], ['陸股', '造成', '經濟硬著陸'], ['政院官員', '提出', '經濟衰退恐'], ['應', '加強研', '擬'], ['棟數年', '減', '2成'], ['每百戶家庭', '購', '屋'], ['立法院修正勞基法', '訂在', '40小時'], ['8昨', '面對', '交心'], ['工商界', '爭取', '56'], ['工商界', '爭取', '56'], ['未來業者', '使用', '他人網路']]"
0,20150709_457,《股市》09:01台股店頭 報126.71點，跌-2.90點或-2.24%《股市》09:01台股店頭 報126.71點，跌-2.90點或-2.24%。免責聲明：本文所載資料僅供參考，並不構成投資建議，鉅亨網對該資料或使用該資料所導致的結果概不承擔任何責任。該資訊若與事實不符，應以商品原交易所之公佈為主。,"[['01臺股店頭', '報', '126.71點'], ['01臺股店頭', '報', '126.71點'], ['導致結果', '承擔', '任何責任']]"
0,20150709_458,《股市》09:01台股加權 報8819.73點，跌-156.38點或-1.74%《股市》09:01台股加權 報8819.73點，跌-156.38點或-1.74%。免責聲明：本文所載資料僅供參考，並不構成投資建議，鉅亨網對該資料或使用該資料所導致的結果概不承擔任何責任。該資訊若與事實不符，應以商品原交易所之公佈為主。,"[['導致結果', '承擔', '任何責任']]"
0,20150709_459,"iPhone 6s首批供貨傳上看9千萬支，鴻海、和碩備戰MoneyDJ新聞 2015-07-09 記者 陳瑞哲 報導蘋果即將在第三季發表下一代iPhone 6s（暫稱），傳首批拉貨最高上看9千萬支，將改寫歷史新高記錄。蘋果供應鍊目前已接獲蘋果動員令，並進入備戰狀態。據華爾街日報報導，iPhone 6s到年底的下單量介於8,500-9,000萬支，超過前版去年的7,000-8,000萬支，且新iPhone 6s同樣有4.7吋與5.5吋等兩種款式。知情人士消息還指出，iPhone 6s將加入壓力觸控感應（Force Touch）功能，與多一種機殼顏色選擇。但除此之外，iPhone 6s螢幕尺寸與解析度都沒變。整體而言，這次改版的幅度並不如去年。日經新聞日前報導指出，iPhone 6s代工訂單預料將由鴻海（2317）與和碩（4938）共享，其中和碩這次分得的訂單份額，將從去年的三成提高至五成。iPhone 6從去年9月推出後，銷售動能仍然強勁，三星、LG與宏達電新旗艦機均無法撼動其市場地位。據投資銀行Canaccord Genuity調查，iPhone 6雙機第二季在美國市佔率仍舊逼近5成。＊編者按：本文僅供參考之用，並不構成要約、招攬或邀請、誘使、任何不論種類或形式之申述或訂立任何建議及推薦，讀者務請運用個人獨立思考能力，自行作出投資決定，如因相關建議招致損失，概與《精實財經媒體》、編者及作者無涉。","[['供貨傳', '看', '9千萬支'], ['下單量介', '於', '500-9000萬支'], [' 6s', '有', '兩種款式'], ['知情人士消息', '指出', ' 6s加入Force感應功能'], [' 6s', '加入', 'Force感應功能'], ['改版幅度', '不如', '去年'], ['報導日經新聞', '指出', '代工訂單預料共享'], ['訂單份額', '至', '五成'], ['三星', '撼動', '市場地位'], ['佔率', '逼近', '5成']]"
0,20150709_460,《股市》09:00台期指07 報8816.00點，跌-129.00點或-1.44%《股市》09:00台期指07 報8816.00點，跌-129.00點或-1.44%。免責聲明：本文所載資料僅供參考，並不構成投資建議，鉅亨網對該資料或使用該資料所導致的結果概不承擔任何責任。該資訊若與事實不符，應以商品原交易所之公佈為主。,"[['00臺期指07', '報', '8816.00點'], ['導致結果', '承擔', '任何責任']]"
0,20150709_461,券商分析摘要◆券商推薦個股排行： ◆ 大慶證：德股上漲0.7%收10747，跌破前低10797，形成底底低的空頭走勢。下跌1.47%，跌破年線支撐，歐美股市空頭氣焰旺盛。雖然聯準會6月份會議紀錄顯示，美國6月份沒有條件升息，貨幣仍寬鬆不變，但希臘問題芒刺在背，拖累全球股市，雖 然希臘總理齊普拉斯告訴歐洲議會，將在未來幾天提出詳細經濟改革提案，希望進一步獲得紓困基金，但即使希臘問題短期有解，7/20仍有35億債務到期，8/20也還有32億到期，系統性風險難防，建議擁抱現金，擇時再進場。 ◆ 新光證：6月出口衰退太嚴重，年減13.9%，加上陸股早盤暴跌逾8% ，嚇壞8日台股在高價股領跌下，盤中暴跌300點，午後買盤進場承接，使得跌幅收斂，終場收在8976.11點，下跌274.05點或2.96%，成交額1433.87億元。OTC指數收在129.61點，下跌5.81點或4.29%，成交額308.27億元。◆ 大昌證券：昨日台股開低走低，跌幅將近3%，除了希臘歹戲拖棚、以及陸股崩跌的疑慮之外，台股本身6月進出口大幅衰退，內憂外患，引發市場賣壓湧現。三大類股紛紛重挫，其中以電子族群跌幅相對沉重，近期強勢的蘋果概念股、PA族群也遭到調節出現補跌。而傳產類股中先前提及短線跌深反彈的航運及部分生技，波段多頭的汽車零組件也無一倖免。金融指數遲遲無法站回季線，如今也向下尋求支撐。而跌幅逾4%，相對沉重，盤面上原主流熄火，似乎需重新觀察新主流族群何時出現，才有機會帶動大盤止跌回穩表現。 ◆ 統一證：希債疑慮未解、陸股泡沫化兩大利空襲來，週三台股開低走低，盤中跌幅持續擴大，指數一度重摔304點跌至8946點，尾盤雖有逢低買盤進場，但仍無力有效拉升指數。三大類股同步重挫，電子股重跌3.1%，傳產與金融股皆下挫2. 8%；電子次族群以電腦、光電股同步崩跌5.2%跌勢慘重，資服股重挫4.5%，電子零件與半導體股跌幅也達2.8%與2. 6%；而傳產次族群以紡織、塑膠、生技與汽車股等下挫逾 3%為跌勢重心。終場重挫274點或2.96%，直接摜破9000點關卡，以8976點收盤，成交量擴增至1417億元。,"[['券商', '分析', '摘要'], ['券商', '推薦', '個股'], ['6月份會議紀錄', '顯示', '美國沒有條件'], ['美國', '沒有', '條件'], ['希臘問題', '芒刺在', '背'], ['希臘總理齊普拉斯', '告訴', '歐洲議會'], ['早盤暴跌', '逾', ' 8%'], ['OTC指數收', '在', '129.61點'], ['跌幅', '將近', '3%'], ['蘋果概念股', '遭到', '調節出現補跌'], ['調節', '出現', '補跌'], ['金融指數', '站', '回季線'], ['跌幅', '逾', '4%'], ['尾盤', '摔', '逢低買盤進場'], ['電子股', '跌', '3.1%'], ['電子次族羣', '跌', '慘重'], ['電子零件跌幅', '達', '2.8%'], ['逾', '爲', '跌勢重心']]"
0,20150709_462,"華南期貨台股期指盤前分析◆盤勢分析1. 國際股市:希臘倒債危機仍然未解，且中國股市持續暴跌，也影響美國股市7日開盤大跌，但令人稱奇的是，只因希臘國會同意做某些國務大翻修，美股竟能扭轉頹勢，終場收紅，升93.33點，收17,776.91點，標準普爾500指數升12.58點，收2,081.34點，指數升5.52點，收4,997.46點。2. 貨:今日開平急殺，今日盤中跌破所有均線位置，也失手9000點大關，終場收於8943點，大跌299點，後市堪憂。3. 期貨選擇權:7月買權未平倉量最大量在履約價9400點的44401口，賣權未平倉量最大量在履約價8900點的35539口。4. :台股技術面來看今日走跌，目前已跌破所有均線位置，，今日終場台股以8976.11點作收，下跌274.05點。(1)技術面:現貨指數跌破年線位置，操作上建議在持有現股的同時，買進價外兩檔履約價的賣權避險，以保護現股的部位。(2)籌碼面:[1]現貨部份三大法人今日合計賣超217億元，其中外資賣超154億。[2]期貨部份外資今日淨部位空單為6820口，今日增加 11664口淨空單，淨部位由多轉空。(3)短中長期均線位置: 五日線(5MA):9243,十日線(10MA):9309,月線(20MA):9300,半年線(120MA):9514,年線(240MA):9315。","[['華南期貨臺股期', '分析', '國際股市'], ['希臘國會', '同意', '做大翻修'], ['美股', '扭轉', '頹勢'], ['現貨指數', '跌破', '年線位置'], ['在', '持有', '現股'], ['現貨部份三大法人', '賣', '217億元'], ['賣', '超', '154億'], ['淨部位空單', '爲', '6820口']]"
0,20150709_463,"統一期貨台股期指盤前－內外利空雙重夾擊，台股重挫慣破9000點◆盤勢分析週二美國股市漲跌互見，週三亞洲股市普遍賣壓沉重，在希臘風暴不確定性增加的影響下跳空開低，台灣出口連五個月衰退，加上陸港股持續下探，早盤期指隨即賣壓出籠跳水下挫，盤中未見明顯接低買盤進駐，一度下跌超過300點並回測8900點關卡，所幸尾盤稍見止跌回穩跡象，終場以相對低點作收，技術面全均線呈現空頭排列，短期趨勢轉向偏空格局。電子在指標權值股普遍下挫的影響下開低跳水，跌勢相對沉重，趨勢轉為偏空，金融開低走低回測半年線尋求支撐，震盪區間下緣失守跌破，短線趨勢暫以保守看待，非金電開低下挫，11000點關卡正式失守，技術面季線與半年線即將死亡交叉，短期偏向弱勢；下跌299點，逆價差33.11點，電子期下跌12.45點，逆價差1.7點，金融期下跌34.2點，正價差1.22點。下跌逆價差放大，市場趨勢偏向保守。未平倉部位分析，自營商淨多單增加1457口，淨多單部位2,178口；投信淨空單增加679口，淨空單部位1,502口；外資淨空單增加11,664口，轉為淨空單部位6,820口；外資賣超現股154.1億元，期貨淨空單增加，看法中性偏空。技術面觀察，希臘債務紓困協商重啟談判，不過市場普遍看壞後續情勢，歐洲股市震盪下挫影響以小低盤開出，早盤修正賣壓隨即出籠指數跳水重挫，陸港股開盤後持續探底，拖累台股壓力加重，盤中一度下跌超過3百點並失守9000點大關，電金傳等各類股均全面下挫，終場台股以大跌將近3%作收，而成交量放大為1421億元。外資現貨賣超，期貨轉為淨空單部位，爆量下殺，全均線維持空頭排列，短期趨勢有再向下探底的可能。◆選擇權分析多空就選擇權籌碼觀察，賣權/買權未平倉比由0.86下降為0.73，仍為偏空格局。在最大未平倉量序列部份，買權下移為9400點，賣權下移為8900點，外資選擇權淨空單部位約3.5萬口。","[['亞洲股市', '賣', '壓'], ['跌', '回', '穩'], ['尾盤', '作', '8900點關卡'], ['全均線', '呈現', '空頭排列'], ['短期趨勢', '轉向', '偏空格局'], ['趨勢', '轉爲', '空'], ['市場趨勢', '偏向', '保守'], ['淨', '增加', '1457口'], ['投信淨空單', '增加', '679口'], ['外資淨空單', '增加', '11'], ['664口', '轉爲', '820口'], ['紓困協商', '重啓', '談判'], ['市場', '看', '後續情勢'], ['期貨', '轉爲', '淨空單部位'], ['全均線', '維持', '空頭排列'], ['短期趨勢', '有', '探底可能']]"
0,20150709_464,"台股盤前－急跌後融資陸續自我了斷 慎防多殺多斷頭賣壓再湧台股昨(8)日大跌274點，終場收在8976點，跌幅2.96%，創下2011年8月19日以來最大跌點；美股今晨未止血，恐為今日台股續添壓力，尤其台股指數在昨天急跌後，散戶融資部位已陸續「自我了斷」，後市宜慎防追繳令發出後，斷頭賣壓是否大舉湧現。三大法人昨天同步賣超達217.7億元，其中，外資大砍台股154.1億元，且刀刀砍在電子、金融股權值股身上，在更是大舉偏空操作上萬口；而散戶融資遽降29億元，融資餘額降到1847億元低水位，為2013年11月以來新低。據證交所統計，目前整戶擔保維持率157%，雖仍在安全水位，但部分維持率低的融資戶，已面臨保證金追繳與斷頭壓力。法人表示，整戶融資維持率若續降至150%以下，將達警戒水準，一旦來到130%，就會斷頭。在希臘債務問題懸而未決、中國股市暴跌、紐約證券交易所交易全面停擺影響下，美股指數終場全面下跌作收。收盤下跌超過250點，標普500指數也收在200日均線之下。美股低迷，恐持續威脅亞股神經。今日觀盤重點，股王大立光昨天重挫4.93%，收3280元，略跌破季線的3283元點位，不過若自3日3710元收盤新高價算下來，至昨天的收盤價，本周來大立光股價已大跌11.59%，總市值也因此蒸發了577億元，大立光宣布7/16將召開法說會，股王是否止穩，將牽動高價股重災區的走勢。華碩宣布下修全年筆電（NB）出貨目標12.3%至2,000萬台，全年總出貨量將由正成長轉為衰退，是今年全球首家下修全年出貨目標的品牌筆電大廠。華碩保守看7月營收，預期將較6月明顯下滑，為2012年來首次7月業績不如6月，呈現旺季不旺。整體來說，台股昨天爆量下殺，且也帶量向下跌破近1個月以9250點為中心的震盪盤整區間，各類股期指全部都改寫波段新低，加上三大法人大舉偏空，賣超標的也明顯悲觀，在市場上無明顯利多撐盤下，恐繼續引爆多殺多賣壓，台股恐還有低點。","[['續', '添', '壓力'], ['三大法人', '賣', '超'], ['外資', '砍', '154.1億元'], ['刀刀', '砍在', '電子金融股權值股身上'], ['融資餘額降', '爲', '2013年11月以來新低'], ['低融資戶', '面臨', '保證金追繳'], ['法人', '表示', '達警戒水準'], ['美股指數', '下跌', '作收'], ['收盤下跌', '超過', '250點'], ['標普500指數', '收在', '200日均線之下'], ['股王大立光', '重挫', '4.93%'], ['大立光股價', '大跌', '11.59%'], ['總市值', '蒸發', '577億元'], ['股王', '止', '穩'], ['華碩', '宣佈', 'NB'], ['總出貨量', '轉爲', '衰退'], ['首家', '修', '出貨目標'], ['下', '修', '出貨目標'], ['華碩保守', '看', '7月營收'], ['7月業績', '不如', '6月'], ['9250點', '爲', '中心'], ['各類股期', '指', '改寫新低'], ['，', '賣', '超標'], ['市場上', '無', '多撐盤下'], ['臺股恐', '還有', '低點']]"
0,20150709_465,統一證券盤前－利空測試下檔支撐，保守操作降低持股◆盤勢分析【昨日盤勢】：希債疑慮未解、陸股泡沫化兩大利空襲來，週三台股開低走低，盤中跌幅持續擴大，指數一度重摔304點跌至8946點，尾盤雖有逢低買盤進場，但仍無力有效拉升指數。三大類股同步重挫，電子股重跌3.1%，傳產與金融股皆下挫2.8%；電子次族群以電腦、光電股同步崩跌5.2%跌勢慘重，資服股重挫4.5%，電子零件與半導體股跌幅也達2.8%與2.6%；而傳產次族群以紡織、塑膠、生技與汽車股等下挫逾3%為跌勢重心。終場重挫274點或2.96%，直接摜破9000點關卡，以8976點收盤，成交量擴增至1417億元。【資金動向】：三大法人合計賣超217.3億元。其中外資賣超153.4億元，投信賣超10.4億元，自營商賣超53.4億元。外資買超前五大為友達、新光金、中信金、群創、華通；賣超前五大為聯電、元大金、台灣50、華亞科、台新金。投信買超前五大為中磊、F-GIS、玉山金、致伸、台虹；賣超前五大為FH滬深、FB上証、元上証、日月光、全新。資券變化方面，融資減少29.55億元，融資餘額為1847.88億元，融券減少0.94萬張，融券餘額為29.02萬張。【今日盤勢分析】：昨日台股帶量重挫，直接摜破9000點關卡，再創去年12月以來新低。考量希債疑慮未除、陸股泡沫化衝擊短期難解，台股難以置身事外，判斷短期盤勢難脫利空測試下檔底部支撐走勢。後續重要多空因素分析如下：第一、陸股泡沫化衝擊擴大：雖然中國政府持續加深政策護盤力度，但A股仍難以有效止跌，且自昨日起陸股超過1300檔股票停牌，意味金融市場流動性風險大增，對亞洲區域股市包含台股衝擊將持續擴大，持續利空測試下檔支撐。第二、希債疑慮再起：7/5日希臘公投反對紓困換改革方案後，7/7日區財長會議仍未獲解決共識，7/12日歐盟28國領袖峰會，將再就希臘提出的新計劃進行討論，判斷歹戲拖棚機率高，後續對金融市場的衝擊恐無法解除。第三、台股基本面轉趨惡化：雖然5月份景氣對策訊號意外轉為黃藍燈，市場對於景氣成長一度燃起希望，但六月份出口年衰退高達13.9%，為連續五個月衰退，且2Q GDP保三難度高，顯示國內景氣復甦力道緩慢，對於台股下檔保護有限。第四、外資轉為賣超，反彈空間受限：外資繼上週賣超133億元後，本週至昨日累計賣超亦擴大至212億元，且昨日於空單大增1.16萬口，淨部位轉為空單6820口，顯示外資延續偏空操作策略，不利於台股後續反彈空間。第五、技術面上檔套牢賣壓沉重：週一以來指數無力重返年線，並以長黑摜破9000點重要關卡後，短中長期均線全面失守，面臨上檔層層套牢賣壓，判斷短期指數恐難以脫離利空測試底部支撐力道格局。【投資策略】：由於外有希債疑慮與陸股泡沫化衝擊未除，內部基本面復甦緩慢與外資持續偏空操作等利空，加上今晨美股大跌影響，預期短線指數難脫利空測試下檔底部支撐，建議採取保守操作策略，逢反彈汰弱留強、適度降低持股比重為宜。選股上僅建議具2Q財報利多與3Q營收成長股。,"[['保守操作', '降低', '盤勢分析'], ['尾盤', '摔', '逢低買盤進場'], ['重', '跌', '3.1%'], ['電子次族羣', '跌', '慘重'], ['電子零件跌幅', '達', '與'], ['三大法人', '賣', '217.3億元'], ['買外資', '爲', '友達'], ['賣超前五大', '爲', '聯電'], ['超前五大', '爲', '中磊'], ['賣超前五大', '爲', 'FH滬深'], ['融資', '減少', '29.55億元'], ['融資餘額', '爲', '1847.88億元'], ['融券', '減少', '0.94萬張'], ['融券餘額', '爲', '29.02萬張'], ['中國政府', '加深', '護盤力度'], ['起陸股', '超過', '1300檔股票停牌'], ['希臘公投', '反對', '換改革方案'], ['財長會議', '未獲', '解決共識'], ['領袖峯會', '進行', '討論'], ['後續', '對', '金融市場'], ['後續', '對', '金融市場'], ['臺股基本面', '轉趨', '惡化'], ['景氣對策訊號', '轉爲', '黃藍燈'], ['市場', '燃起', '希望'], ['出口年衰退', '高達', '13.9%'], ['外資', '轉爲', '賣超'], ['超', '擴大至', '212億元'], ['淨部位', '轉爲', '6820口'], ['週一指數', '重返', '年線'], ['上檔層層套牢', '賣', '壓'], ['恐', '支撐', '力道格局'], ['外資', '偏', '空'], ['持續', '偏', '空']]"
0,20150709_466,大昌投顧盤前分析◆盤勢分析1.昨日台股開低走低，跌幅將近3%，除了希臘歹戲拖棚、以及陸股崩跌的疑慮之外，台股本身6月進出口大幅衰退，內憂外患，引發市場賣壓湧現。三大類股紛紛重挫，其中以電子族群跌幅相對沉重，近期強勢的蘋果概念股、PA族群也遭到調節出現補跌。而傳產類股中先前提及短線跌深反彈的航運及部分生技，波段多頭的汽車零組件也無一倖免。金融指數遲遲無法站回季線，如今也向下尋求支撐。而跌幅逾4%，相對沉重，盤面上原主流熄火，似乎需重新觀察新主流族群何時出現，才有機會帶動大盤止跌回穩表現。2.從技術面觀察，大盤指數連四黑，並且以一根長黑跌破前低9170點，無法守住9000點大關，回測去年12/19缺口8943-8956點，昨日雖然仍守在缺口之上，但外在氛圍依舊低迷，是否有效支撐仍需觀察。日KD持續死亡交叉向下，缺口持續擴大，短線上仍有壓力存在，有持續震盪整理的可能。而量能部分價跌量增，且出現近期大量1400億以上，顯示市場信心動搖，引爆恐慌性賣壓。從籌碼面來看，外資連五賣，金額大幅增加至150億以上，自營商持續賣超，金額約53億，連近期較買盤較積極的投信，賣超金額也擴大至10億元。三大法人同步賣超且金額有擴大，對台股動能依舊較不利表現。3.在操作上，歐美股市漲跌互見，美股跌勢並回測年線，歐股則呈現反彈走勢，陸股持續陷入重挫，台股今日可能受到美股影響，預計區間為8850-9050點。題材方面，國際的生技醫療股，依舊在漲勢之中，其中大型生技股未來若能有拿到藥證加持下，可望為營收與獲利增加成長動能，中小型生技股又有併購的題材持續延燒。反觀台股的生技族群，在經過一段長時間整理後，近期也有反彈的表現，加上之前提及的本月是台灣生技月，將於7/22展開，以亞洲生技商機高峰論壇、兩岸生醫產業合作論壇、主題研討會、生物科技大展、一對一商機媒合會共五大主題舉辦，吸引18國業者參展。短線上可留意，建議以有實質獲利的個股較佳。,"[['跌幅', '將近', '3%'], ['蘋果概念股', '遭到', '調節出現補跌'], ['調節', '出現', '補跌'], ['金融指數', '站', '回季線'], ['跌幅', '逾', '4%'], ['短線上', '有', '壓力存在'], ['金額', '增加至', '150億以上'], ['賣超金額', '擴大至', '10億元'], ['三大法人', '賣', '超'], ['美股跌勢', '回', '測年線'], ['歐股', '呈現', '反彈走勢'], ['陸股', '陷入', '重挫'], ['臺股', '受到', '美股影響'], ['區間', '爲', '8850-9050點'], ['生技醫療股', '在', '漲勢之中'], ['大型生技股', '拿到', '加持'], ['中小型生技股', '有', '併購題材'], ['提及本月', '是', '生技月']]"
0,20150709_467,新光證券盤前分析◆盤勢分析6月出口衰退太嚴重，年減13.9%，加上陸股早盤暴跌逾8%，嚇壞8日台股在高價股領跌下，盤中暴跌300點，午後買盤進場承接，使得跌幅收斂，終場收在8976.11點，下跌274.05點或2.96%，成交額1433.87億元。 OTC指數收在129.61點，下跌5.81點或4.29%，成交額308.27億元。綜觀盤面，類股齊跌，電子股重挫3.1%，主要受到電腦、光電等類股重挫逾5%影響。傳產股方面，以紡織、塑膠、電機、生技、玻璃、汽車等類股跌幅超過3%較為慘烈，金融股亦受大型金控股重挫影響，大跌2.82%。中國經濟成長走弱、全球手機需求減弱、傳Apple watch銷量下滑，加上週日將決定希臘是否取得救援金，使得台股8日重挫近3%，多檔個股跌破淨值，考量三大法人連手大賣台股217億，外資未平倉轉為淨空單，港陸股仍未止跌，希臘退歐機率大升，預期台股仍有下行風險，建議保守操作，等局勢穩定再做決策。,"[['早盤暴跌', '逾', '8%'], ['OTC指數收', '在', '129.61點'], ['電子股', '重挫', '3.1%'], ['跌幅', '超過', '3%'], ['金融股', '受', '金控股重挫影響'], ['加上週日', '決定', '希臘取得救援金'], ['希臘', '取得', '救援金']]"
0,20150709_468,大慶證券盤前－系統性風險拖累 擁抱現金擇時進場◆盤勢分析德股上漲0.7%收10747，跌破前低10797，形成底底低的空頭走勢。下跌1.47%，跌破年線支撐，歐美股市空頭氣焰旺盛。雖然聯準會6月份會議紀錄顯示，美國6月份沒有條件升息，貨幣仍寬鬆不變，但希臘問題芒刺在背，拖累全球股市，雖 然希臘總理齊普拉斯告訴歐洲議會，將在未來幾天提出詳細經濟改革提案，希望進一步獲得紓困基金，但即使希臘問題短期有解，7/20仍有35億債務到期，8/20也還有32億到期，系統性風險難防，建議擁抱現金，擇時再進場。受到希臘問題紛擾以及台灣6月出口表現不佳，大盤昨日開低走低，終場大跌274.05點，跌幅2.96%收8976，成交量1421.41億元，指數跌破6/17低 點9170，支撐變壓力，而新的支撐先看2014/12/17的低點8826，目前趨勢偏空確立。外資動向來看，現貨賣超154億元，期貨空單11012口，淨空單口數6920口，外資現貨大賣、期貨轉淨空單，態度明顯翻空， 三大法人更是同步賣超217.6億元，建議近期空手靜待盤勢回穩，若手中持股被套，短線急跌或有反彈，若反彈不過昨日長黑K的一半位置即遇壓，建議逢高出脫，保留現金再擇時進場。昨日盤勢來看，幾乎全軍覆沒，覆巢之下無完卵，包括先前強勢的蘋概股、中國4G手機供應鏈…等無一倖免，短線雖然哀鴻遍 野，但股價最終還是會反應個股的營收獲利，保留手中現金，靜待盤勢止穩，下半年仍有行情可期，理由如下：1、經濟面來看，台灣的出口雖然 連5黑，但研判在蘋概股以及4G手機零組件出貨帶動下，7月之後的出口狀況應能明顯改 善；2、政治面來看，明年1月總統大選，即使大盤要走入長 空，下半年仍會拉個逃命波；3、業績面來看，下半年進入電子 業旺季，業績加持下後市仍可期待。而觀察6月營收及昨日籌碼或可發現潛力 族群，營收表現優異且法人買超的個股，包括：網通的中磊、醫材的鈺緯及南帝、PA的宏捷科及F-IET、被動元件的興勤、蘋概股的F-GIS及華通、工業電腦的研華及同 亨、手機相關的璟德及致伸、特斯拉的F-貿聯及康普、太陽能的碩禾及昱 晶，綜觀上述，第三季主流股應該還是在4G手機、蘋概股、網通、工業電腦 以及特斯拉，靜待盤勢止穩、法人買盤回溫，上述族群仍可留意，而次族群部分，太陽能及醫材在短線題材及營收不俗帶動下仍有機會。,"[['6月份會議紀錄', '顯示', '美國沒有條件'], ['美國', '沒有', '條件'], ['希臘問題', '芒刺在', '背'], ['希臘總理齊普拉斯', '告訴', '歐洲議會'], ['成交量', '收', '8976'], ['指數', '跌破', '9170'], ['新支撐', '看', '低點8826'], ['現貨賣', '超', '154億元'], ['股價', '反應', '個股營收穫利'], ['出口狀況', '改', '善'], ['大盤', '走入', ' 空'], ['業績', '加持', '下後市'], ['第三季主流股', '在', '有機會']]"
0,20150709_469,鉅亨早報 2015年7月9日■倒數5天！歐盟週日定希臘生死 「脫歐」應變計畫已備■希臘正式要求 提供第三輪紓困計劃■野村警告：中國通縮＋希債危機＋美國加息 全球股市閃崩將至■中國證監會喊話無用！投資人恐慌情緒暴發 陸股再次崩盤5.9%■陸股崩跌波及商品市場！大宗商品物價全面大跌■IMF警告美國今年若升息恐傷及經濟！呼籲Fed明年再升■台股暴跌 曾銘宗、張盛和看法不同調 國安基金尚不護盤■外資砍股154億 刀刀砍向電金權值股 佈空上萬口■大立光3天崩跌近12%市值蒸發577億元 7/16法說■亞太電、台灣大漫遊有解 NCC有條件通過可借用他人網路(接下頁)◇ 美洲暫無數據◇ 歐洲■英國6月Halifax房價指數年率為9.6%，優於前值的8.6%。◇亞洲■日本未經季調的5月份經常帳盈餘達 1.881 兆，是去年同月份的 3.5倍◇美股■工業平均指數收低261.49點或1.47%至17515.42點■Nasdaq指數收低87.70點或1.75%至4909.76點■指數收低34.66點或1.67%至2046.68點■指數收低17.66點或2.62%至655.25點◇歐股■德國 DAX-30指數收高70.52點或0.66%至10747.30點■英國 FTSE 100指數收高58.49點或0.91%至6490.70點■法國 CAC 40指數收高34.38點或0.75%至4639.02點◇亞股■台灣9日收盤下跌274.05 點或2.96 %，報 8976.11 點，成交金額1421.42億元。■台股今(8)日三大法人集中市場賣超217.68億，外資賣超154.11億，投信賣超10.13億，自營商自行買賣賣超4.74億，自營商避險賣超48.68億。■日經225指數8日收盤下跌 638.95 點或 3.14%，報 19737.64 點，開盤 20282.49 點。■韓國Kospi指數收盤下跌 24.08 點或 1.18%，報 2016.21 點，開盤 2045.88 點。■澳洲S&P/ASX 200指數收盤下跌 111.92 點或 2.01%，報 5469.50 點，開盤 5581.40 點。■上證指收盤報3507.19點，跌219.93點，跌幅5.90%；深成指報11040.89點，跌334.71點，跌幅2.94%；創業板報2364.05點，漲12.04點，漲幅0.51%。■恆指今日收跌5.84%，報23516.56點。大市全日成交2359.7億港元。◇■COMEX 收漲10.90美元，收於每盎司1163.50美元◇原油■NYMEX 原油期貨收跌0.68美元，至每桶51.65美元■ICE 倫敦 布倫特原油期貨收漲0.31美元，至每桶56.85美元◇穀物■CBOT 玉米期貨上漲1.25美分，報每英斗4.2450美元■CBOT 小麥期貨下跌7.75美分，報每英斗5.7750美元■CBOT 黃豆期貨上漲4.75美分，報每英斗9.9675美元◇匯市■8日收盤貶值 6.3 分，報 31.225 元兌1美元。成交金額為 15.71 億美元，全日振幅為 2.32 角。■報96.2390，貶0.0550或0.06%■美元/報120.8360，升0.2450或0.20%■/美元報1.1073，貶0.0000或0.00%■/美元報1.5366，貶0.0000或0.00%■美元/報0.9456，升0.0001或0.01%■美元/報1.2736，貶0.0006或0.05%■/美元報0.7419，貶0.0008或0.11%,"[['「', '脫', '歐'], ['應變計劃', '備', '正式要求'], ['全球股市閃崩將至加息中國證監會', '喊', '話'], ['恐慌情緒', '暴發', '陸股崩盤陸股崩跌波'], ['Fed', '升', '臺股暴跌'], ['曾銘宗', '調', '尚護盤外資154億砍股'], ['房價指數年率', '爲', '9.6%'], ['英國FTSE 100指數', '報', '8976.11點'], ['19737.64點報', '開盤', '20282.49點'], ['111.92點', '報', '5469.50點'], ['上證', '指', '3507.19點'], ['恆指', '收', '跌'], ['大市', '成交', '2359.7億港元'], ['成交金額', '爲', '15.71 億美元'], ['全日振幅', '爲', '2.32角'], ['0.0550', '報', '120.8360'], ['美元', '報', '0.9456'], ['0.7419', '貶', '0.0008']]"
0,20150709_470,日盛投顧盤前分析◆盤勢分析1.港陸股大跌，但希臘將向債權人遞出新的方案，歐洲主要股市反彈，泛歐指數最後以上漲0.04%作收。在前日IMF 向聯準會發出警告不要太早升息後，FOMC也公佈六月份會議紀錄顯示，官員擔心希臘與中國的情況惡化，且多數官員不認為現在美國有條件升息，但受到盤中紐約證交所（NYSE）因技術問題暫停交易3個多小時的影響，美四大指數下跌，跌幅介於1.47到2.62%。整體而言，歐股拉回整理，強弱仍視希臘退歐事件的消息面變化；在大箱型區震盪，因此短線上國際股市仍將繼續整理。2.今日看盤重點(1) K線跳空下跌收長黑，均線轉為空方排列，由於量價結構不利多方，指數有再測低的可能，暫以前波橫檔頸線8850點為下檔參考。(2)半導體類股為電子指數強弱關鍵；電子類指標為台積電；蘋果股看台郡、大立光、可成。(3)金融指數1150下檔支撐強，指標看國泰金、兆豐金、中信金 等(4)傳產大型股以東元為指標；航空、汽車零組件、生醫為多方反彈時的重點。(5) 看盤操作上，市場焦點回到6月營收上，因此整體2Q數字表現佳的個股，將吸引短線資金介入，只不過後續要留意希臘退歐事件的消息面變化(7/9提出詳細改革計畫、7/12國際債權人會議、7/14歐盟領袖會討論希臘問題、7/20希臘必須支付歐洲央行35億借款)。(6)市場訊息：股市連續暴跌，「中國版金融危機」浮現，大陸國務院昨日領軍央行等五大部委聯手發出至少十道最新護盤措施，包括央行承諾保證充分流動性，並要求持股5%以上的大陸股東及董監事，半年內都不准再賣出自家公司股票，力圖儘速穩住A股與投資人信心。。3.日月光 (2311) 公布6月營收，達248.3億元，月增6.3%，年27.4%，創歷史次高紀錄，第2季營收達702億元，較第1季增加8.6%，較去年同期也成長19.8%，達陣法說預期，不過6月封測營收達125.9億元，月增0.8%，年減4%，第2季封測營收僅達376.7億元，季減2.4%，年減4.1%，略低於預期；EMS表現則相對穩定，在穿戴裝置與SIP產品出貨成長帶動下，支撐合併營收達702億元，季增8.6%，由於今年營運逐季成長目標不變，第2季通訊晶片客戶產品將遞延至第3季開始出貨，EMS部分第3季也將進入旺季，包含WIFI模組與指紋辨識產品，預期可推升營收持續成長。4.研華（2395）公佈6月營收37.31億元創新高，月增24.16％，年增19.94％，第2季營收100.26億元，季增14％，年增8.07％，單季百億元營收達陣，主因北美、中國市場需求強力挹注，主要事業群則維持溫和成長趨勢。5.華碩（2357）公布6月集團合併營收為416.8億元，較5月成長23.75%，較去年同期成長22.91%。值得注意的是，華碩指出，受PC景氣持續不振的影響，華碩正式下修今年筆電出貨量，從原預計的2280萬下修至2000萬台，下修幅度約12.3%，略低於去年的2030萬台，促使全年筆電出貨量由原先目標成長，轉為負成長約1.5%。手機仍維持1700-2500萬支。6.從6月的已經公布LED營收的廠家來看，產業呈現「上瘦下肥」，封裝廠前6月營收較去年同期成長，反觀晶片廠，因第2季藍光晶片ASP重挫2位數，導致上半年營收遜於去年同期；只有億光（2393）因產品線相對分散，加上照明元件出貨量因價跌量增，激勵6月營收逆勢較5月成長10.38％，達24.28億元，是唯一一家有獲利的照明元件廠，第3季照明元件出貨可望勁揚20％。7.神準(3558)公佈6月份營收達6.66億元，為單月歷史次高，年增率17%，第二季合併營收19.49億元，再創單季歷史新高，已連五季創新高，較去年同期成長27%，也較前一季成長12%，累計上半年營收36.88億元，年增率28%。展望第三季，神準表示，進入傳統旺季，由於神準主力市場美國經濟持續復甦，企業用網通市場需求相當強勁，加上神準今年持續擴充產能已全部建置完成，對於下半年營運樂觀看待。8.華通(2313)6月營收32.23億元創7個月以來新高，年增率達28.65%，也較上月增加5.82%。2015上半年的營收達181億元，第2季營收94.23億元較第1季成長8.6%，而推估以2014年華通的全年營收338.5億元計算，其下半年在進入蘋果等Any Layer HDI需求強盛之下，7-12月營收占全年高達56%。,"[['泛歐指數', '漲', '作收'], ['前日IMF', '發出', '升息'], ['FOMC', '公佈', '六月份會議紀錄'], ['官員', '擔心', '與情況惡化'], ['多數官員', '認爲', '有條件升息'], ['盤中紐約證交所NYSE', '暫停', '交易'], ['技術問題', '暫停', '交易'], ['跌幅', '介於', '1.47'], ['強弱', '視', '消息面變化'], ['希臘', '退', '歐'], ['均線', '轉爲', '空方排列'], ['指數', '有', '測低可能'], ['半導體類股', '爲', '強弱關鍵'], ['電子類指標', '爲', '臺積電'], ['指標', '看', '大型股爲指標'], ['大型股', '爲', '指標'], ['市場焦點', '回到', '6月營收上'], ['2Q數字表現佳個股', '吸引', '短線資金'], ['7/14歐盟領袖', '討論', '希臘問題'], ['20希臘', '支付', '35億借款'], ['大陸國務院', '領', '等央行'], ['昨日', '領', '等央行'], ['五大部委', '發出', '護盤措施'], ['月', '增', '年27.4%'], ['封測營收', '達', '125.9億元'], ['月', '增', '0.8%'], ['封測營收', '達', '376.7億元'], ['季', '減', '2.4%'], ['合併營收', '達', '702億元'], ['客戶產品', '遞延至', '第3季'], ['EMS部分第3季', '進入', '旺季'], ['年', '增', '19.94％'], ['百億元', '增', '14％'], ['主要事業羣', '維持', '成長趨勢'], ['華碩2357', '公佈', '合併營收'], ['華碩2357公佈合併營收', '爲', '416.8億元'], ['值得注意的', '是', '華碩指出華碩下修筆電出貨量'], ['華碩', '指出', '華碩下修筆電出貨量'], ['華碩', '下修', '筆電出貨量'], ['手機', '維持', '-2500萬支'], ['已經', '公佈', 'LED營收'], ['產業', '呈現', '下肥'], ['一家', '有', '獲利'], ['神準3558', '公佈', '6月份營收達'], ['神準', '表示', '強勁'], ['年增率', '達', '28.65%'], ['-12月營收', '佔', '56%高達']]"
0,20150709_471,永豐期貨台指選擇權盤前－台股慘綠重挫274點  日線暴量長黑跌穿9000◆盤勢分析期貨走勢週三下跌299點收在8943點。價差方面，逆價差擴至33.11點，而7月份除權息預計要蒸發約46.08點，因此還原後正價差縮至12.97點，電子期逆價差擴至1.7點，金融期正價差縮至1.22點，摩台期逆價差擴至4.24點。由籌碼面來觀察，三大法人於現貨市場大幅賣超217.69億；而在淨部位方面，三大法人空單增加10886口，轉為淨空單6144口，外資空單增加11664口，轉為淨空單6820口；另外十大交易人中的特定法人，全月份空單增加8921口，轉為淨空單2166口，多空快速易位顯示法人與大額交易人對台股後市轉向謹慎偏空預期。行情走勢方面，今日亞股正式受到陸股暴跌的外溢效應影響，帶動週三早盤以下跌37點開出，而現貨開盤後不久期貨一度急殺至下跌超過百點，且早盤上證跳空開低8%帶動台股再殺一波，尾盤期貨無力反彈以暴跌299點作收。技術面觀察，週三大盤跳空開低走低以帶下影線長黑K創下今年新低，且成交量能放大至1417億水準，短線空方力道轉強且多方力守意願仍低。而以日線型態來看，目前指數暴跌一次滿足10014頭肩頂以來技術性修正跌幅，但全數均線彎頭向下，日KD死亡交叉向下且開口放大，趨勢仍為空方控盤格局。但短線急跌操作上建議以逢高偏空操作為宜並請嚴設停損。選擇權分析選擇權從成交量來觀察，7月份買權下移集中在9200點，賣權下移至8900點。未平倉量部份，買權大量區下移集中於9400點，而賣權大量區亦下移至8900點。全月份未平倉量put/call ratio由0.86大幅降至0.61，為近期最低數值，反應選擇權結構大幅轉趨偏空發展格局。7月買權平均隱含波動率由12.74%升至14.27%，賣權平均隱含波動率由15.32%升至19.45%，買賣權同步大幅上升，週三日線長黑帶量跌破近期整理區間，短線走空格局強勁明確，操作上建議逢反彈於9100-9300點以賣權空頭價差策略因應。台灣50、寶滬深、FB上証、元上證、FH滬深等五檔ETF期貨交易量，以FB上証8059口最熱門。,"[['永豐期貨臺', '指', '期貨走勢下跌'], ['7月份除權息', '預計', '蒸發'], ['正價差', '縮至', '12.97點'], ['三大法人', '賣', '217.69億'], ['三大法人空單', '增加', '10886口'], ['外資空單', '增加', '11664口'], ['全月份空單', '增加', '8921口'], ['多空快速易位', '顯示', '偏預期'], ['法人', '偏', '空'], ['謹慎', '偏', '空'], ['今日亞股', '受到', '外溢效應影響'], ['下跌', '超過', '百點'], ['一度期貨', '帶動', '臺股'], ['大盤跳空', '開低以', '帶'], ['成交量', '放大至', '1417億水準'], ['趨勢', '爲', '空方控盤格局'], ['買權', '集中在', '9200點'], ['賣權', '下移至', '8900點'], ['買權', '集中下移至', '8900點'], ['0.86由', '降至', '0.61'], ['反應選擇權結構', '轉趨', '偏格局'], ['反應選擇權結構轉趨偏格局', '偏', '發展'], ['平均隱含波動率', '升至', '19.45%']]"
0,20150709_472,"元大寶來期貨台股期指盤前－期指重跌三百點 九千點關卡失守◆盤勢分析週二美股拉尾盤小漲作收，歐台期則下跌37點，收在9205點，恰好與週三的開盤價相同，但隨後一路下殺破底，盤中跌點超過300點，期現貨都失守9000點整數大關，主要受到陸股崩盤的拖累，滬深300期指暴跌10%跌停鎖死，A50期指更是打穿15%的暫停交易機制，台股各類股多頭全面棄守，期現貨同步改寫今年新低價，考量估計除息影響點數51點，收盤實質正價差收斂到20點，而舊制選擇權波動率指數大升16.33%至17.17，改寫2013年6月27日以來，逾兩年新高水準，顯示市場瀰漫恐慌氣氛。觀察法人籌碼變化，三大法人同步賣超現貨，合計金額高達217.7億元，其中外資連5賣，週三擴大賣超154.1億元，投信賣超10.1億元，自營商賣超53.4億元；而在淨部位方面，外資也同樣大舉偏空操作11,664口，淨部位直接轉為淨空單6,820口，自營商則逆勢加碼淨多單1,457口至2,178口，三大法人合計偏空操作10,886口，淨部位轉為淨空單6,144口，多空此消彼漲之下，法人態度已出現明顯的轉向。就技術面來看，台股成交金額大增為1,421億元，呈現爆量下殺，確立空頭強勢格局。各類股期指除非金電之外，全部都改寫波段新低，帶量向下跌破近一個月以來，約以9250點為中心的震盪盤整區間，建議以順勢偏空操作因應。","[['盤中跌點', '超過', '300點'], ['現貨', '失守', '9000點整數大關'], ['是暫停機制', '打穿', '15%'], ['的', '暫停', '交易'], ['現貨', '改寫', '新低價'], ['正價差', '收斂到', '20點'], ['三大法人', '賣', '現貨'], ['自營商賣', '超', '53.4億元'], ['外資', '操作', '11'], ['淨部位', '轉爲', '820口淨空單'], ['法人態度', '出現', '明顯轉向'], ['成交金額大增', '爲', '421億元'], ['各類股期', '指', '改寫新低'], ['帶量', '跌破', '震盪盤整區間'], ['9250點', '爲', '中心']]"
0,20150709_473,台灣主要報紙頭條要聞總統參選人洪秀柱被爆料得過乳癌，她昨天親自出面說明健康情行，洪秀柱承認，「我生過病、我治療過，現在則健康站在各位面前」。洪秀柱的主治醫師也提供診斷證明指出，洪秀柱已完全恢復健康狀態，可勝任任何工作。《台灣主要報紙頭條要聞》亞股落葉飄 陸股秋風掃柱姐：被爆料罹癌 選舉操弄 台灣的悲哀抗癌…柱姐：沒掉過一滴淚股災蔓延 亞股連環殺華碩今年NB出貨目標 大幅下修12％洪秀柱 今出面回應健康問題4成陸股 暫時停止呼吸登山募款挨轟 台大關了領導課出口大減 GDP難保3停牌潮擴大 陸股陷空前危機中國基金流動性 受關注中國股災跌掉17個希臘趙薇失血200億 章子怡虧19億陸救市失靈 股災蔓延陸護盤潰敗 恐掀系統性風暴8大機構聯手救市 利多齊出,"[['參選人洪秀柱', '得', '乳癌'], ['健康', '站在', '各位面前'], ['洪秀柱主治醫師', '提供', '診斷證明'], ['洪秀柱', '恢復', '健康狀態'], ['出面', '回應', '健康'], ['暫時', '停止', '挨轟 臺大關'], ['股災', '蔓延', '19億陸救市']]"
0,20150709_474,◆外資連續5日買超個股外資連續5日買超個股1.外資連續買超5日的股票(2891)中信金、 (2883)開發金、 (2409)友達  、 (2515)中工  、 (00634R)上証反2.外資連續買超4日的股票(2891)中信金、 (2883)開發金、 (2515)中工  、 (1455)集盛  、 (2313)華通3.外資連續買超3日的股票(2883)開發金、 (2891)中信金、 (2603)長榮  、 (1455)集盛  、 (2515)中工4.外資連續買超2日的股票(2891)中信金、 (2883)開發金、 (2409)友達  、 (2603)長榮  、 (1455)集盛5.外資當日(08)買超的股票(2409)友達  、 (2891)中信金、 (2883)開發金、 (2888)新光金、 (2603)長榮,"[['連續', '買', '1']]"
0,20150709_475,◆外資連續5日賣超個股外資連續5日賣超個股                                                                                                                                     1.外資連續賣超5日的股票                                                     (2303)聯電  、 (3474)華亞科、 (2887)台新金、 (2311)日月光、 (3231)緯創                                                                                  2.外資連續賣超4日的股票                                                     (2303)聯電  、 (3474)華亞科、 (2887)台新金、 (2885)元大金、 (2882)國泰金                                                                                3.外資連續賣超3日的股票                                                     (2303)聯電  、 (3474)華亞科、 (2887)台新金、 (2885)元大金、 (3231)緯創                                                                                  4.外資連續賣超2日的股票                                                     (2303)聯電  、 (2887)台新金、 (0050)台灣50、 (2330)台積電、 (2885)元大金                                                                                5.外資當日(08)賣超的股票                                                    (2303)聯電  、 (0050)台灣50、 (2887)台新金、 (2324)仁寶  、 (2330)台積電,"[['外資', '賣', '賣超的股票\xa0\xa0\xa0\xa0\xa0\xa0\xa0\xa0\xa0\xa0\xa0\xa0\xa0\xa0\xa0\xa0\xa0\xa0\xa0\xa0\xa0\xa0\xa0\xa0\xa0\xa0\xa0\xa0\xa0\xa0\xa0\xa0\xa0\xa0\xa0\xa0\xa0\xa0\xa0\xa0\xa0\xa0\xa0\xa0\xa0\xa0\xa0\xa0\xa0\xa0\xa0\xa0 的股票\xa0\xa0\xa0\xa0\xa0\xa0\xa0\xa0\xa0\xa0\xa0\xa0\xa0\xa0\xa0\xa0\xa0\xa0\xa0\xa0\xa0\xa0\xa0\xa0\xa0\xa0\xa0\xa0\xa0\xa0\xa0\xa0\xa0\xa0\xa0\xa0\xa0\xa0\xa0\xa0\xa0\xa0\xa0\xa0\xa0\xa0\xa0\xa0\xa0\xa0\xa0\xa0 '], ['連續', '賣', '超的股票\xa0\xa0\xa0\xa0\xa0\xa0\xa0\xa0\xa0\xa0\xa0\xa0\xa0\xa0\xa0\xa0\xa0\xa0\xa0\xa0\xa0\xa0\xa0\xa0\xa0\xa0\xa0\xa0\xa0\xa0\xa0\xa0\xa0\xa0\xa0\xa0\xa0\xa0\xa0\xa0\xa0\xa0\xa0\xa0\xa0\xa0\xa0\xa0\xa0\xa0\xa0\xa0 ']]"
0,20150709_476,◆投信連續3日買超個股投信連續3日買超個股                                                                                                                                     1.投信連續買超3日的股票                                                     (2618)長榮航、 (2610)華航  、 (00637L)滬深2X、 (2609)陽明  、 (5388)中磊                                                                                2.投信連續買超2日的股票                                                     (2618)長榮航、 (2610)華航  、 (2609)陽明  、 (5388)中磊  、 (4938)和碩                                                                                  3.投信當日(08)買超的股票                                                    (5388)中磊  、 (6456)F-GIS 、 (2884)玉山金、 (4915)致伸  、 (8039)台虹,[]
0,20150709_477,◆投信連續3日賣超個股投信連續3日賣超個股                                                                                                                                             1.投信連續賣超3日的股票                                                         (006207)FH滬深、 (00632R)T50反1、 (1312)國喬  、 (2311)日月光、 (2883)開發金                                                                                    2.投信連續賣超2日的股票                                                         (006207)FH滬深、 (006205)FB上証、 (006206)元上證、 (1312)國喬  、 (2455)全新                                                                                    3.投信當日(08)賣超的股票                                                        (006207)FH滬深、 (006205)FB上証、 (006206)元上證、 (2311)日月光、 (2455)全新,[]
0,20150709_478,【鉅亨-盤前掃瞄】技術面1.5日均線9160.74點，10日均線9243.94點，20日均線9309.30點。                                                            2.6日RSI為 12.24，12日RSI為30.15。                                                                                    3.9日K值為24.26， 9日D值為38.80。                                                                                     4.20日乖離率為 -3.49。,"[['RSI', '爲', '12.24'], ['RSI', '爲', '30.15'], ['3.9日K值', '爲', '24.26'], ['D值', '爲', '38.80'], ['4.20日乖離率', '爲', '-3.49']]"
0,20150709_479,【鉅亨-盤前掃瞄】基本面1.08日交易日以31.225元兌1美元作收，收盤貶6.3分，成交值為15.71億美元。2.集中市場08日外資賣超154.1億元，投信賣超10.1億元，自營商賣超 53.4億元。3.集中市場08日融資餘額較前1日減少 29.55億元，成為1847.88億元，融券餘額較前1日減少  9457張，成為290227張。,"[['1.08日交易日', '兌', '1美元作收'], ['成交值', '爲', '15.71億美元'], ['08日外資賣', '超', '154.1億元'], ['自營商賣', '超', ' 53.4億元'], ['融資餘額', '減少', '29.55億元'], ['融券餘額', '減少', '\xa0 9457張']]"
0,20150708_480,"交易強強滾 6檔陸股ETF期貨延長交易時間陸股ETF交易強強滾，陸股ETF期貨之交易需求也日益倍增，臺灣期貨交易所今(8)日表示，為滿足國內交易人之交易及避險需求，以及提昇我國期貨市場國際競爭力，延長陸股ETF期貨交易時間至下午4時15分。期交所表示，去(2014)年10月6日上市陸股ETF期貨，至今年6月日均量已達10,329口，較上市第1個月日均量844口，成長逾11倍，7月份續創新高，截至7月8日達15,149口，顯示交易人對於陸股ETF期貨之交易需求日益倍增。期交所表示，我國期貨市場以服務國內實質經濟需求為本質，為滿足國內交易人之交易及避險需求，以及提昇我國期貨市場國際競爭力，延長陸股ETF期貨交易時間至下午4時15分，以完整涵蓋陸股ETF追蹤之標的指數交易時間，使交易人得以因應最新市況進行相關投資及避險交易。延長交易時間至下午4時15分之商品包括寶滬深ETF期貨、FB上証ETF期貨、元上證ETF期貨、FH滬深ETF期貨，及7月8日上市之CFA50ETF期貨及深100ETF期貨等6檔陸股ETF期貨，未來上市以陸股ETF為標的之期貨商品亦適用。此外，鉅額交易之交易時間亦比照調整至下午4時15分收盤。到期月份契約最後交易日則仍於下午1時30分收盤。其餘交易制度如契約單位、契約掛牌月份、最後交易日、每日漲跌幅、最小升降單位、交易撮合方式與委託種類等均與現行制度相同。為使交易人可充分瞭解延長陸股ETF期貨交易時間相關規定及配套措施，期交所刻正辦理全國宣導說明會，相關場次請上期交所網站查詢，另已於期交所網站()設置延長陸股ETF期貨交易時間新制專區，歡迎交易人多加利用。","[['交易', '強強滾', '陸股ETF交易強強滾'], ['8日', '表示', '爲時間'], ['期交所', '表示', '日均量達329口'], ['日均量', '達', '329口'], ['成長', '逾', '11倍'], ['7月份續創新', '達', '15'], ['149口', '顯示', '交易需求倍增'], ['期交所', '表示', '使'], ['期貨市場', '爲', '本質'], ['，', '延長', '陸股ETF期貨交易'], ['下午4時15分商品', '包括', 'ETF期貨'], ['期交所', '辦理', '宣導說明會'], ['交易人', '多加利', '用']]"
0,20150708_481,"國泰金連2個月賺贏富邦金 2金控半年皆賺逾400億元富邦金()、國泰金()今(8)日雙雙公布6月獲利，富邦金雖然穩居獲利王，但國泰金緊咬在後，國泰金已經連續2個月單月賺贏富邦金，富邦金累計今年上半年稅後盈餘達419.57億元，較去年同期成長53.4%，每股盈餘(EPS)為4.10元；而國泰金今年上半年稅後盈餘已達412.6億元，也突破400億元大關，累計稅後EPS為3.26元。富邦金6月自結稅後盈餘達45.10億元，其中包含一筆一次性費用為未分配盈餘稅21.8億元；累計今年上半年稅後盈餘達419.57億元，較去年同期成長53.4%，每股盈餘(EPS)為4.10元，今年前6月累計稅後盈餘及每股盈餘雙雙續創歷史新高紀錄。受惠於財富管理業務成長，台北富邦銀行累計手續費收入持續提升。資產品質維持穩健，逾放比為0.11%，備抵呆帳覆蓋率達1113%。北富銀6月份呆帳淨收回3.03億元，提存前獲利18.33億元。富邦人壽今年1-6月累計稅後盈餘達291.09億元，較去年同期大幅成長124%，主要成長動能來自於多元的投資收益。富邦人壽前六月初年度保費收入(First Year Premium)為810億元，總保費收入(Total Premium)達2,051億元。富邦產險6月份稅後盈餘達3.85億元，累計1-6月稅後盈餘19.58億元，較去年同期成長31.3%，主要動能來自於投資收益成長，以及承保績效維持穩健。富邦證券6月份稅後盈餘達1.04億元，累計1-6月稅後盈餘5.56億元，獲利動能減緩主要受市場成交量及自營操作績效所影響。而國泰金部分，6月份稅前淨利137.4億元，稅後淨利103.6億元；上半年累計稅前淨利491.1億元，累計稅後淨利為412.6億元，較去年同期成長35%。金控前6月累計獲利及6月單月獲利，再次創下歷史新高紀錄。雖然壽險業海外部位有匯損壓力，但國泰金控旗下子公司國泰人壽6月稅前大賺115.8億元、稅後也獲利達80億元，其中約認列20億元的現金股息收入，國泰金表示，今年海內外現金股息收入估約170億元，將主要集中在7、8月入帳。國泰世華銀行6月稅後獲利20.6億元，兩家子公司獲利佳，讓國泰金6月單月稅後獲利大賺103.6億元。","[['富邦金', '穩居', '獲利王'], ['國泰金', '賺', '富邦金'], ['每股盈餘EPS', '爲', '4.10元'], ['稅後盈餘', '達', '412.6億元'], ['EPS', '爲', '3.26元'], ['每股盈餘EPS', '爲', '4.10元'], ['資產品質', '維持', '穩健'], ['逾放比', '爲', '0.11%'], ['成長動能', '來自於', '投資收益'], ['PremiumYear', '爲', '810億元'], ['TotalPremium', '達', '2'], ['主要動能', '來自於', '投資收益成長'], ['承保績效', '維持', '穩健'], ['獲利動能減緩', '受', '影響'], ['累計稅後淨利', '爲', '412.6億元'], ['海外部位', '有', '匯損壓力'], ['6月稅前大', '賺', '115.8億元'], ['約認', '列', '現金股息收入'], ['國泰金', '表示', '入帳'], ['股息收入', '估約', '170億元']]"
0,20150708_482,◆投信連續3日賣超個股投信連續3日賣超個股                                                                                                                                             1.投信連續賣超3日的股票                                                         (006207)FH滬深、 (00632R)T50反1、 (1312)國喬  、 (2311)日月光、 (2883)開發金                                                                                    2.投信連續賣超2日的股票                                                         (006207)FH滬深、 (006205)FB上証、 (006206)元上證、 (1312)國喬  、 (2455)全新                                                                                    3.投信當日(08)賣超的股票                                                        (006207)FH滬深、 (006205)FB上証、 (006206)元上證、 (2311)日月光、 (2455)全新,[]
0,20150708_483,◆投信連續3日買超個股投信連續3日買超個股                                                                                                                                     1.投信連續買超3日的股票                                                     (2618)長榮航、 (2610)華航  、 (00637L)滬深2X、 (2609)陽明  、 (5388)中磊                                                                                2.投信連續買超2日的股票                                                     (2618)長榮航、 (2610)華航  、 (2609)陽明  、 (5388)中磊  、 (4938)和碩                                                                                  3.投信當日(08)買超的股票                                                    (5388)中磊  、 (6456)F-GIS 、 (2884)玉山金、 (4915)致伸  、 (8039)台虹,[]
0,20150708_484,◆外資連續5日賣超個股外資連續5日賣超個股                                                                                                                                     1.外資連續賣超5日的股票                                                     (2303)聯電  、 (3474)華亞科、 (2887)台新金、 (2311)日月光、 (3231)緯創                                                                                  2.外資連續賣超4日的股票                                                     (2303)聯電  、 (3474)華亞科、 (2887)台新金、 (2885)元大金、 (2882)國泰金                                                                                3.外資連續賣超3日的股票                                                     (2303)聯電  、 (3474)華亞科、 (2887)台新金、 (2885)元大金、 (3231)緯創                                                                                  4.外資連續賣超2日的股票                                                     (2303)聯電  、 (2887)台新金、 (0050)台灣50、 (2330)台積電、 (2885)元大金                                                                                5.外資當日(08)賣超的股票                                                    (2303)聯電  、 (0050)台灣50、 (2887)台新金、 (2324)仁寶  、 (2330)台積電,"[['外資', '賣', '賣超的股票\xa0\xa0\xa0\xa0\xa0\xa0\xa0\xa0\xa0\xa0\xa0\xa0\xa0\xa0\xa0\xa0\xa0\xa0\xa0\xa0\xa0\xa0\xa0\xa0\xa0\xa0\xa0\xa0\xa0\xa0\xa0\xa0\xa0\xa0\xa0\xa0\xa0\xa0\xa0\xa0\xa0\xa0\xa0\xa0\xa0\xa0\xa0\xa0\xa0\xa0\xa0\xa0 的股票\xa0\xa0\xa0\xa0\xa0\xa0\xa0\xa0\xa0\xa0\xa0\xa0\xa0\xa0\xa0\xa0\xa0\xa0\xa0\xa0\xa0\xa0\xa0\xa0\xa0\xa0\xa0\xa0\xa0\xa0\xa0\xa0\xa0\xa0\xa0\xa0\xa0\xa0\xa0\xa0\xa0\xa0\xa0\xa0\xa0\xa0\xa0\xa0\xa0\xa0\xa0\xa0 '], ['連續', '賣', '超的股票\xa0\xa0\xa0\xa0\xa0\xa0\xa0\xa0\xa0\xa0\xa0\xa0\xa0\xa0\xa0\xa0\xa0\xa0\xa0\xa0\xa0\xa0\xa0\xa0\xa0\xa0\xa0\xa0\xa0\xa0\xa0\xa0\xa0\xa0\xa0\xa0\xa0\xa0\xa0\xa0\xa0\xa0\xa0\xa0\xa0\xa0\xa0\xa0\xa0\xa0\xa0\xa0 ']]"
0,20150708_485,◆外資連續5日買超個股外資連續5日買超個股1.外資連續買超5日的股票(2891)中信金、 (2883)開發金、 (2409)友達  、 (2515)中工  、 (00634R)上証反2.外資連續買超4日的股票(2891)中信金、 (2883)開發金、 (2515)中工  、 (1455)集盛  、 (2313)華通3.外資連續買超3日的股票(2883)開發金、 (2891)中信金、 (2603)長榮  、 (1455)集盛  、 (2515)中工4.外資連續買超2日的股票(2891)中信金、 (2883)開發金、 (2409)友達  、 (2603)長榮  、 (1455)集盛5.外資當日(08)買超的股票(2409)友達  、 (2891)中信金、 (2883)開發金、 (2888)新光金、 (2603)長榮,"[['連續', '買', '1']]"
0,20150708_486,第二屆原創遊戲大賞 樂陞、弘煜雙獲大獎！黃博弘：遊戲產業必須改造由台灣遊戲產業振興會所主辦的第二屆『台灣原創遊戲大賞』今(8)日盛大舉行，會長黃博弘表示，隨著行動遊戲興起，市場競爭相當激烈，遊戲產業必須改造，注入成長原動力。(鉅亨網記者張旭宏攝)由台灣遊戲產業振興會所主辦的第二屆『台灣原創遊戲大賞』今(8)日盛大舉行，行動平台組的獲獎遊戲為樂陞(3662-TW)所開發的《貪吃的兄妹》；PC平台組的獲獎遊戲為弘煜科技()的《九十九姬》，振興會會長黃博弘表示，隨著行動遊戲興起，市場競爭相當激烈，遊戲產業必須改造，注入成長原動力。第二屆『台灣原創遊戲大賞』頒獎典禮，由現任台灣遊戲產業振興會會長黃博弘董事長主持，並恭請到經濟部常務次長沈榮津等親臨頒獎，黃博弘指出，『台灣原創遊戲大賞』的『X靶心』造型活動精神標誌，意義在於期許台灣遊戲開發團隊皆能本於直指核心與一擊入魂的原創設計3X精神，去開發出能創造無限樂趣與無限價值的台灣原創遊戲。黃博弘進一步指出，隨著近年來行動遊戲興起與全球數位經濟飛躍成長，行動化已是規模最大、影響最廣、觸發創新的必然趨勢。在這新舊世代交替與競爭激烈的鉅變中，遊戲產業的改造與蛻變在於是否能及時成功連結與滿足消費者的期待與需求，透過活動的舉辦，能持續讓國內優秀的遊戲開發團隊獲得更多激勵與啟發，為遊戲產業注入成長的原動力。今年行動平台組的優勝獲獎遊戲為樂陞所開發的《貪吃的兄妹》，遊戲設計溫馨有趣，除深獲國際各市場玩家喜愛外，更以獲得專利技術展現創新的操作手法，成功突破跨平台開發的技術門檻；另外PC平台組的優勝獲獎遊戲為弘煜所開發的《九十九姬》，遊戲的藝術設計呈現了精緻質感與世界觀，遊戲內含卻蘊藏著環保意識的人文關懷，充分展現跨域文化創新的獨特性。另外為表彰遊戲產業界優秀人士，今年特別增設「特別貢獻獎」，感謝曾為遊戲產業付出超過20年的大宇資訊()創辦人李永進，李永進不僅曾研發出多款膾炙人口的熱門原創遊戲作品外，更作育無數遊戲研發人才，對台灣遊戲產業的長期發展貢獻良多。黃博弘強調，台灣遊戲產業振興會對於提升國內遊戲產業長期發展環境，與推動產業升級轉型不遺餘力，期待藉著『台灣原創遊戲大賞』的舉辦，讓國內優秀的原創遊戲作品以及幕後的傑出研發團隊生生不息，在未來創造出更多激勵人心的成功故事。,"[['會長黃博弘', '表示', '遊戲產業改造'], ['獲獎遊戲', '爲', '樂升TW開發貪喫的兄妹'], ['獲獎遊戲', '爲', ')九十九姬'], ['振興會會長黃博弘', '表示', '遊戲產業改造'], ['意義', '在於', '期許'], ['一擊', '入', '魂'], ['能', '創造', '無限樂趣'], ['黃博弘', '指出', '行動化是必然趨勢'], ['行動化', '是', '必然趨勢'], ['獲獎遊戲', '爲', '樂升開發貪喫的兄妹'], ['除', '深獲', '國際各市場玩家喜愛'], ['突破技術門檻', '跨', '開發'], ['獲獎遊戲', '爲', '弘煜開發九十九姬'], ['藝術設計', '呈現', '精緻質感'], ['遊戲內含', '蘊藏', '環保意識人文關懷'], ['付出大宇資訊', '超過', '20年'], ['黃博弘', '強調', '臺灣原創遊戲大賞舉辦讓'], ['更多', '激勵', '人心']]"
0,20150708_487,外資狂賣154億壓垮台股台股今天受利空衝擊大跌274點，指數破底盡吐今年全年漲幅，外資今天在集中市場賣超154億元，在期貨市場空單也大增1萬口。內資今天同步站在賣方，三大法人今天賣超上市股總金額高達217.69億。（張佳琪報導）希臘情勢詭譎不安，陸股延續崩跌走勢，外資大賣股票降低持股，單日賣超金額超過154億元。外資賣超最多的個股是聯電和元大金，賣超張數都在2萬張以上；台灣五十排名賣超第三大，大賣1萬9千張，顯示外資持續看壞指數表現。連日遭外資減碼的華亞科，八號外資再賣1萬8千多張，其他外資賣超1萬張以上的個股還包括台新金、仁寶、中鋼、富邦金、台積電等等，都是足以重創指數的權值股。自營商同步大賣股票，減碼最多的是陸股ETF，賣超第一大寶滬深，狂砍3萬多張。這一波陸股的急速崩跌顯然已經讓自營商在陸股ETF的操作上，蒙受虧損壓力。投信小賣10億，賣超金額不大，出脫重心也是陸股ETF。短線來看，希臘情勢與陸股行情，持續牽動內外資動向。,"[['外資', '賣', '壓垮臺股臺股'], ['空單', '大增', '1萬口'], ['外資大賣股票', '降低', '持股'], ['賣超金額', '超過', '154億元'], ['外資', '賣', '超'], ['最多個股', '是', '聯電'], ['賣超張數', '在', '2萬張以上'], ['五十排名賣', '超', '第三大'], ['外資', '看', '指數表現'], ['連日', '遭', '外資減碼'], ['1萬張以上個股', '包括', '等等新金'], ['自營商', '大賣', '股票'], ['最多的', '是', '陸股ETF'], ['出脫重心', '也是', '陸股ETF'], ['希臘情勢', '牽動', '內外資動向']]"
0,20150708_488,安控廠悠克營運大轉型！跨足飯店、電視購物安控廠悠克電子()為求營運轉型，董事會決議決定引進新的經營團隊，帶入新的發展方向及策略資源，目前悠克電子正進行變更登記當中，新增營業項目並更名為悠克國際，正式跨足飯店及電視購物領域，提高獲利能力。悠克創立於1992年，專注於安全監控CCTV類相關電子產品，曾獲得亞洲最大安全監控製造廠，並於2001年掛牌上櫃交易，但近年來因產業競爭壓力日益增大，價格逐年下滑，加上產品由類比進入到數位，由於網路運用興起，IP類產品於市場取得大量市佔率，導致CCTV產品進入紅海市場狀態，因而面臨轉型壓力，但轉型耗時且不易，無法於短期內扭轉虧損的境況，因此決定引進新的經營團隊並帶入新的發展方向及策略資源，最短的時間內帶來綜效。悠克表示，轉型後悠克國際將成立三個事業處，分別為安控事業處、商旅事業處、以及流通事業處，安控事業處承襲於悠克電子主要安全監控產品事業，除了持續目前的製造及銷售，還將運用策略資源引進國內、外新增業務合作機會，包含中國大陸各區專案及北美通路商等，並於商旅及流通事業處開展的同時帶來安全監控控相關產品需求，快速達到獲利目標。悠克進一步表示，另外商旅事業處將以直營、委託經營及加盟等策略打造一系列連鎖品牌經營旅館群，預計3年內旅館家數達50家，6年內累計旅館家數約140家為目標，並以商旅為主軸整合上游旅行社及投資下游購物站及商場，建立觀光事業集團並發揮上、中、下游整合。悠克指出，至於流通事業處主要營業項目為電視購物及商場經營，其中電視購物分別與國內知名電視購物台及大陸上海、北京主要電視台合作，銷售產品包含生活用品、化妝品、健康食品、清潔用品等；商場經營則結合旅行社與商旅等策略合作伙伴產生的上、中、下游整合優勢經營陸客購物商場，並於2年內爭取3個年營業額超過3億元之大型商場經營權。悠克強調，未來除加強電子事業業務及提升營收外，還將整合旅行社、商旅、及購物商場等上、中、下游產業打造完整的觀光事業體，並加入電視購物的業務合作，有別於過去專注於電子產業單一營收來源，以多元化且策略結合的經營使效益最大化，努力為全體股東帶來最大利益。,"[[')(電子', '爲', '營運轉型'], ['董事會決議', '決定', '引進經營團隊'], ['悠克', '創立於', '1992年'], ['IP類產品', '取得', '大量市佔率'], ['CCTV產品', '進入', '紅海市場狀態'], ['悠克', '表示', '悠克國際成立三個事業處'], ['悠克國際', '成立', '三個事業處'], ['安控事業處', '承襲於', '主要安全監控產品事業'], ['悠克', '表示', '商旅事業處打造連鎖品牌經營旅館羣'], ['商旅事業處', '打造', '連鎖品牌經營旅館羣'], ['旅館家數', '達', '50家'], ['140家', '爲', '目標'], ['悠克', '指出', '營業項目爲電視購物'], ['營業項目', '爲', '電視購物'], ['國內', '知名', '電視'], ['銷售產品', '包含', '等生活用品'], ['商場經營', '結合', '整合優勢'], ['營業額', '超過', '3億元'], ['營業額', '超過', '3億元'], ['悠克', '強調', '整合上產業'], ['除', '加強', '電子事業業務'], ['經營', '使', '最大化']]"
0,20150708_489,外資砍股154億 刀刀砍向電金權值股 台指期佈空上萬口今(8)日領先現貨一路下殺破底，盤中跌點超過300點，期、現貨都失守9000點整數大關，三大法人同步賣超現貨，合計金額高達217.7億元，其中，外資擴大賣超，大砍台股154.1億元，且刀刀砍在電子、金融股權值股身上，連台灣50也遭狙擊，顯示外資殺紅了眼，同時，外資在更是大舉偏空操作上萬口，台股爆量下殺，確立空頭強勢格局。受到陸股崩盤的拖累，台股期現貨也爆跌，陸股ETF哀鴻遍野，在期貨掛牌的滬深300期指暴跌10%，A50期指更是打穿15%的暫停交易機制，台股各類股多頭全面棄守，期、現貨同步改寫今年新低價，考量估計除息影響點數51點，收盤實質正價差收斂到20點，而舊制選擇權波動率指數大升16.33%至17.17，改寫2013年6月27日以來，逾兩年新高水準，顯示市場瀰漫恐慌氣氛。觀察法人籌碼變化，三大法人同步賣超現貨，合計金額高達217.7億元，其中外資連5賣，週三擴大賣超154.1億元，投信賣超10.1億元，自營商賣超53.4億元；而在淨部位方面，外資也同樣大舉偏空操作11664口，淨部位直接轉為淨空單6820口，自營商則逆勢加碼淨多單1457口至2178口，三大法人合計偏空操作10886口，淨部位轉為淨空單6144口，多空此消彼漲之下，法人態度已出現明顯的轉向。外資買超友達40338張、新光金7336張、中信金5987張、群創4040張、華通3898張、中環2680張、集盛2536張、F臻鼎2337張、長榮2325張、統一2299張。其中，友達貼息股價破8個月新低之際，吸引外資低接超過4萬張，位居台股買超之冠。外資賣超聯電27096張、元大金23789張、台灣50遭賣19629張、華亞科18097張、台新金18026張、仁寶14187張、中鋼13385張、富邦金12243張、台積電11516張、日月光9939張。賣超排名前10名個股中，就有9檔減碼超過萬張，第10名的日月光也逼近萬張，顯示外資砍殺毫不手軟。投信買超中磊1140張、FGIS獲買653張、玉山金599張、致伸503張、台虹419張、連宇341張、聯鈞332張、台積電273張、和碩268張、長榮航255張。投信賣超FH滬深11696張、FB上証3699張、元上證2700張、日月光1553張、全新1123張、奇力新1105張、F臻鼎963張、富邦金845張、國喬608張、滬深2X遭賣600張。繼昨天自營商賣超集中在陸股ETF，今天投信也明顯減碼陸股ETF，賣超前10名個股中，就有4檔陸股ETF，且前3名都由陸股ETF囊括。自營商買超T50反1獲買17205張、上証反4149張、FH滬深2990張、華亞科2582張、南亞916張、南亞科860張、致伸649張、台開609張、合庫金489張、台郡424張。值得注意的是，自營商買超之冠是追蹤台股的反向ETF，買超亞軍是追蹤上証指數的反向ETF，顯示自營商還是看壞後市。自營商賣超寶滬深34326張、上証2X遭賣13329張、滬深2X遭賣11404張、台灣50遭賣10794張、元大金7574張、高股息6578張、FB上証6092張、友達644張、開發金5223張、長榮航5006張。自營商持續賣超陸股ETF，尤其狙擊正向2倍槓桿上証2X、滬深2X，再度突顯看壞陸股。台股今天成交金額擴大為1421億元，呈現爆量下殺，且也帶量向下跌破近1個月以9250點為中心的震盪盤整區間，各類股期指也全部都改寫波段新低，加上三大法人大舉偏空，賣超標的也明顯悲觀，短線建議順勢偏空操作因應。,"[['砍', '向', '電金權值股'], ['砍', '向', '電金權值股'], ['盤中跌點', '超過', '300點'], ['三大法人', '賣', '狙擊'], ['外資', '擴大', '賣超'], ['外資', '殺紅', '眼'], ['A50期指', '是', '交易機制'], ['A50期指是交易機制', '打穿', '15%'], ['正價差', '收斂到', '20點'], ['三大法人', '賣', '現貨'], ['自營商賣', '超', '53.4億元'], ['淨部位', '轉爲', '6820口淨空單'], ['三大法人', '操作', '10886口'], ['淨部位', '轉爲', '淨空單6144口'], ['法人態度', '出現', '明顯轉向'], ['友達貼息股價', '破', '新低際'], ['吸引外資', '超過', '4萬張'], ['減碼', '超過', '萬張'], ['日月光', '逼近', '萬張'], ['買超中磊1140張', '獲', '653張'], ['963張', '遭賣', '600張'], ['投信', '減', 'ETF'], ['自營商買超T50反1', '獲', '17205張'], ['上證', '反', 'FH滬深2990張'], ['值得注意的', '是', '買超冠是追蹤反向ETF'], ['買超冠', '是', '追蹤反向ETF'], ['買超亞軍', '是', '反向ETF'], ['買超亞軍是反向ETF', '追蹤', '上證指數'], ['滬深2X', '遭賣', '11404張'], ['自營商', '賣', 'ETF'], ['9250點', '爲', '中心'], ['，', '賣', '超標'], ['順勢', '偏', '空']]"
0,20150708_490,八仙塵爆傷者424人就醫中 新光保全緊急捐贈設備助療程由最新的衛福部統計資料顯示，因八仙塵爆傷者目前仍有424人就醫，3死，有281人仍在加護病房，當中有225人病危。新光保全()今天指出，傷者後續治療之路漫長艱苦，為此，新光保全與誼光保全緊急捐贈自日本進口的電動取皮機，將提供新光醫院為傷者進行手術之用。新光醫院整型外科林煌基主任表示，燒傷治療後續急需進行清創及植皮手術，手術中的取皮機扮演十分重要的角色。由於植皮來源首選是傷患自體皮膚，而本次捐贈的電動取皮機組，對於取用自體皮膚手術助益良多，加上電動取皮機可以設定取皮厚度及範圍，輔以壓皮機等周邊設備，將能獲得較好的手術成果。  八仙粉塵意外案件發生至今，因傷者數量龐大，除了輸液、燙膏、人工敷料等藥品的大量需求，後續手術用的相關醫療設備，更是不可或缺的重要工具。因此，新光保全及誼光保全緊急捐贈電動取皮機，就是希望能讓傷者獲得好的治療以利復原。新光保全表示，企業內的關懷社會福利基金會，原就長期關注燒燙傷者福利，並多次與陽光基金會合作，在推廣安全教育已8年的「安心教室」課程中，加入燒燙傷安全宣導及預防內容。對於燒燙傷者未來需面對的，除了漫長的復健之路，更重要的是就學與謀職問題；因此，新光保全社福基金會長期贊助陽光基金會獎助學金，希望幫助解決燒燙傷學童就學困難，略盡棉薄之力。新光保全主管指出，為了幫助八仙塵爆意外的大量傷者，新光醫院第一時間不眠不休地投入協助搶救的醫療工作，新光集團各關係企業也共同捐款1000萬元協助，緊急捐贈自日本進口的電動取皮機則是為在後續療程提供傷者後續治療後完善的設備。,"[['八仙塵爆傷者', '有', '424人就醫'], ['281人', '加', '病房'], ['(今天', '指出', '電動取皮機提供新光醫院進行手術用'], ['電動取皮機', '提供', '新光醫院進行手術用'], ['新光醫院', '進行', '手術'], ['傷者', '進行', '手術'], ['外科林煌基主任', '表示', '進行清創手術'], ['手術中取皮機', '扮演', '重要角色'], ['植皮來源首選', '是', '傷自體皮膚電動取皮機組'], ['對於', '取', '用皮膚手術'], ['電動取皮機', '就是', '希望讓'], ['新光保全', '表示', '關注燙傷者福利'], ['在', '推廣', '安全教育'], ['未來', '需', '面對'], ['更重要的', '是', '就學問題'], ['新光保全社福基金會', '贊助', '獎助學金'], ['新光醫院', '投入', '醫療工作'], ['新光醫院投入醫療工作', '協助', '搶救'], ['各關係企業', '捐款', '1000萬元協助'], ['捐贈電動取皮機', '是', '完善設備']]"
0,20150708_491,緯創Q2營收季減3% Q3筆電出貨估高個位數成長代工緯創()今(8)日公布6月營收，達540.7億元，較4月成長20%，較去年同期也成長9.96%，第2季營收達1459億元，季減3%，反映淡季循環，其中6月筆電出貨190萬台，較5月彈升46%，第2季出貨季減2%，符合原先預期。緯創表示，第3季筆電出貨將較第2季成長高個位數(約6-9%)，進入旺季循環，不過智慧手持裝置出貨則保守預估較第2季下滑，端賴客戶新品上市時程。緯創6月營收達540.7億元，較5月成長20.4%，較去年同期成長9.96%，第2季營收為1459億元，較第1季小幅下滑3%。緯創6月筆電出貨達190萬台，較5月130萬台彈升46%，另外桌上型電腦、伺服器出貨都較5月成長，分別達110萬台與16萬台，而電視與智慧手持出貨較5月下滑，分別為30萬台與60萬台，液晶螢幕出貨則持平在60萬台。緯創第2季筆電出貨460萬台，較第1季小幅下滑2%，符合原先預期，而智慧裝置反映淡季，出貨220萬台，季減36%，其餘產品包含桌上型電腦、伺服器、液晶螢幕與電視等，出貨都較第1季持平或成長，其中電視出貨120萬台，季增41%，伺服器出貨47萬台，季增15%。緯創指出，7月筆電出貨預期會修正，不過8、9月可望逐月上揚，整季出貨估較第2季高個位數成長；智慧裝置方面，由於配合客戶新品上市，因此預期9月出貨動能會較為明顯，7、8月出貨約與6月持平，9月可見動能，整季出貨估較第2季小幅下滑。,"[['代工緯創', '公佈', '6月營收'], ['第2季營收', '達', '1459億元'], ['第2季出貨季', '減', '2%'], ['緯創', '表示', '筆電出貨進入旺季循環'], ['筆電出貨', '進入', '旺季循環'], ['6月營', '收達', '540.7億元'], ['第2季營收', '爲', '1459億元'], ['電視', '手持', '出貨'], ['其餘產品', '包含', '等電腦'], ['緯創', '指出', '出貨預期修正']]"
0,20150708_492,"新舊彩片交替 F-金可6月營收月減16% 8月回溫中國隱形眼鏡龍頭F-金可()6月受到新舊款彩片交替期影響，單月營收4.5億，月減16.67%，年減7%，累計上半年營收28.4億元，年增1%，公司表示，8月後結合臺灣生產的拋棄式彩片鋪貨，中國製的長拋彩片要同步推漲價的新款挹注，公司業績將恢復成長動能。F-金可指出，6月營收受受到新舊款彩片交替期，手中上市已3年的舊款彩片訂單決定不再出貨，進一步讓市場全面換新，因此拖累業績下滑。F-金可進一步指出，公司上半年完成藍片實體通路的佈局，8月將開始鋪臺灣進口產品，預計漲幅達15%的高價短拋彩片，為配合這一波漲勢，中國生產的長拋彩片也要推出漲價的新款來取代目前市場上的舊款，因此6,7兩月已停止出售舊款的海昌長拋彩片，這一部分的業績流失將由漲幅20%的新款於8月到12月來彌補。F-金可認為，一旦進口彩片趁勝追擊，進口高毛利區隔將佔到全年10%的營收，從下半年開始大幅拉升平均毛利，全年獲利成長可觀，這樣的趨勢將持續延續到明年，全部進口產品佈置完成將佔到營收的20%，將毛利帶到另一波高峰。因此金可在低中高價位產品完全滿足市場，進一步持續維持營收及獲利的高成長。至於電商方面，F-金可強調，旗下海儷恩雖然落後博士倫海昌及強生三大老品牌，但在6月高掛天貓銷售的第名，打敗愛爾康第七，衛康第六及視康第五，證明3-5級的消費者正積極投入網購族群，改變電商生態，金可有中高價的海昌，又有便宜實惠的海儷恩，完全滿足各種族群的需求，海儷恩已趁勝追擊成立旗艦店來擴大品牌影響力，雙品牌的電商市場，將是電商普及到3-5級城市最大受益者。","[['F-金可6月營收月', '減', '16%'], ['長拋彩片', '營收', '新款挹注'], ['年', '增', '1%'], ['公司', '表示', '結合拋棄式彩片鋪貨'], ['公司業績', '恢復', '成長動能'], ['-金可', '指出', '拖累業績下滑'], ['6月營收受', '受到', '新舊款彩片交替期'], ['舊款彩片訂單', '決定', '出貨'], ['F金可', '指出', '公司完成通路佈局'], ['公司', '完成', '通路佈局'], ['漲幅', '達', '短拋彩片'], ['長拋彩片', '推出', '漲價新款'], ['高毛利區隔', '佔', '均毛利'], ['金', '滿足', '市場'], ['-金可', '強調', '高掛天貓銷售第名'], ['旗下海儷恩', '落後', '博士倫海昌'], ['消費者', '投入', '網購族羣'], ['金可', '有', '中高價海昌']]"
0,20150708_493,新光三越打造在地友好平台「好好集」 首櫃信義A4登場新光三越信義A4好好集櫃位。(圖:新光三越提供)新光三越今(8)日宣布，團隊籌備多時、全力打造的「好好集goodgoods」全台首櫃於台北信義新天地A4 B2全新登場，新光三越希望藉此成為傳達台灣在地美好價值的共好平台。新光三越指出，台灣具有獨特的風土環境，許多美好事物蘊藏在各個角落，但消費者面對琳琅滿目的物產，該如何選擇？還有哪些沉默的風華，尚待發現？透過消費，如何能友善環境並能支持在地職人的夢想？為解決這些問題，新光三越團隊全力打造出「好好集goodgoods」。「好好集goodgoods」不只是整合銷售物產的通路，更是眾多台灣故事的交流中心，為能深入了解每一塊土地的動脈，蒐羅出台灣各地的良品好物，好好集也特別邀請台灣風土專家和故事人洪震宇共同參與企畫，找尋更多台灣令人感動的故事與物產。洪震宇表示，好好集是一個提供台灣良品展演的平台，不僅是一般進貨的通路，櫃員必須要下鄉調查，了解產品的生產故事，這個平台強調「引進風土人情重要的物產」，透過店員走訪、與小農面談，讓櫃位成為故事交流中心，也讓消費者藉此了解台灣這塊土地的脈動。為了更貼近消費者，好好集將固定一段時間就邀請消費者和販售商品的廠商進行交流。好好集團隊以行路台灣的方式深入田野調查，走訪新北市、桃園、新竹、彰化、台中、嘉義、南投、台東、金門等22縣市、368鄉鎮區，探訪當地小農、百年老店、返鄉創業的年輕人等，除了特色故事商品，更強調商品來自「友善環境」，符合現代消費者對於產品天然無害的需求。好好集將這些在地職人、小農和青年返鄉造夢者的努力，集結成故事，進而將來自台灣各地超過100款的好物集結於此，希望能讓大眾感受到達人們的用心，並分享給本地人以及全世界。,"[['越', '希望', '成爲好平臺'], ['成爲好平臺', '傳達', '美好價值'], ['越', '指出', '臺灣具有風土環境'], ['臺灣', '具有', '風土環境'], ['美好事物', '蘊藏在', '各個角落'], ['消費者', '面對', '琳琅滿目物產'], ['新光三越團隊', '打造', '集goodgoods'], ['不', '只是', '銷售物產'], ['洪震宇', '表示', '好好集是提供平臺'], ['好好集', '是', '提供平臺'], ['這個平臺', '強調', '引進重要物產'], ['和', '販售', '商品'], ['集團隊', '深入', '田野'], ['，', '探訪', '當地小農'], ['商品', '來自', '友善環境'], ['商品來自友善環境', '符合', '無害需求'], ['臺灣各地', '超過', '100款']]"
0,20150708_494,曾銘宗：台股大跌受四因素影響金管會主委曾銘宗今天表示，台股今天重挫主要受到六月出口不佳、希臘債務危機、陸股崩跌與中研院下修經濟成長率等四大因素影響；陸股雖與台股的連動性不強，陸股持續暴跌，仍對包括台灣在內的亞洲股市帶來很大的壓力，影響亞股穩定。（黃悅嬌報導）台股大跌274點，摜破9000點大關。金管會主委曾銘宗分析，台股重挫，受到四個因素影響：包括六月出口年減13.9％，創近六年來單月最大減幅；希臘債務僵局持續，影響國際股市；陸股連日大幅回檔，影響亞股大跌；中研院下修今年經濟成長率由3.38%降至3.24%等。對於工商界憂心，陸股連續崩跌的走勢，對亞洲而言比希臘問題還嚴重，曾銘宗則認為，台股與陸股的連動性不強，但陸股的持續崩跌，確實會對亞投造成很大壓力。假設他持續回檔，會持續影響亞洲股市的穩定。』大陸當局救市措施失靈，媒體報導，至少有一半陸股停牌暫停交易自救。財金官員分析，由於外資為全球布局，陸股的發展一方面可能有利資金回流台灣，可樂觀期待，但另一方面，陸股股票停牌，影響市場流動性，需要的資金被鎖住後，為應付投資人贖回需求，可能會到各國「提款」，國內流動性足夠，且未對外資限制，可能會有「提款」作用。（資料照片）,"[['臺股大跌', '受', '四因素'], ['金管會主委曾銘宗', '表示', '臺股重挫受到四大因素影響'], ['臺股重挫', '受到', '四大因素影響'], ['陸股暴跌', '帶來', '很大壓力'], ['曾銘宗', '分析', '臺股重挫'], ['六月出口', '年減', '13.9％'], ['經濟成長率', '降至', '3.24%'], ['陸股', '崩', '跌'], ['連續', '崩', '跌'], ['曾銘宗', '認爲', '陸股崩造成很大壓力'], ['陸股崩', '造成', '很大壓力'], ['財金官員', '分析', '有提款作用'], ['外資', '爲', '全球佈局'], ['陸股發展', '有利', '資金']]"
0,20150708_495,上銀6月營收創歷年同期新高 下半年變數多但審慎樂觀受惠於全球自動化需求強勁不墜，上銀科技() 6月合併營收以14.64億元創下歷年同期新高，第2季、上半年的累計合併營收，分別季增18.8%、年增21.53%，表現穩健。但全球景氣變數仍多，貶值造成毛利下降、匯損，下半年展望審慎樂觀。上銀的主力產品為滾珠滾桿、線性滑軌、工業及醫療用機器人，今天公佈6月合併營收14.64億元，較5月微增，年增率為19.31%，創下歷年同期新高。第2季合併營收43.23億元，季增18.8%，是2008年以來單季新高。累計今年前6月合併營收79.6億元，年增率高達21.53%。展望下半年的訂單能見度，上銀表示「全球景氣確實有變緩」，由於上銀是國際化的公司，區域性的消長情況都不同。上銀表示，貶值，造成歐洲業務的匯損與毛利下降；貶值造成台灣工具機訂單流失，但上銀在日本當地有設分公司，衝擊較小。至於中國大陸，儘管經濟成長趨緩，但自動化的需求仍活絡。上銀認為，下半年景氣審慎樂觀，公司會因應市場變化，維持穩定的營收、獲利成長。,"[['審慎樂觀', '受惠於', '需求'], ['貶值', '造成', '毛利下降'], ['同期新高', '上', '銀'], ['主力產品', '爲', '用機器人'], ['年增率', '爲', '19.31%'], ['上銀', '表示', '全球景氣有變緩'], ['全球景氣', '有', '變緩'], ['上銀', '是', '國際化公司'], ['上銀', '表示', '貶值造成歐洲業務匯損下降'], ['貶值', '造成', '歐洲業務匯損下降'], ['貶值', '造成', '臺灣工具機訂單流失'], ['上銀', '有', '設分公司'], ['上銀', '認爲', '審慎'], ['公司', '維持', '穩定營收']]"
0,20150708_496,黑松股價創9個月來新低 股息1.2元敲定7/29除息黑松去年股息1.2元敲定7月29日除息，圖為黑松董事長張斌堂。(鉅亨網記者張欽發攝)進入盛夏飲料市場旺季的同時，老牌飲料廠黑松()今天敲定其去年的1.2元現金股息在7月29日除息交易，而在今天黑松股價收盤35.15元同時，已創下9個月來新低，其現金殖利率為3.41%。黑松2014年營運的獲利出現增長，黑松2014全年稅後盈餘達3.95億元，年增率達26.54%，每股稅後盈餘為0.98元，同時，黑松去年每股稅後盈餘0.98元，黑松公司股東會日前也決議配發現金股息1.2元。而黑松在2015年首季的營收為13.31億元，年增率4.84%，稅後盈餘1.23億元，年增率達91.4%，每股稅後盈餘0.31元；其本業營運已呈現好轉；同時，對於黑松在中國大陸市場的營運，將朝向品牌行銷的走向，其在江蘇蘇州黑松不僅生產本身的產品，也為其他的同業代工；同時，在於中國大陸的大型飲料充填、代工廠不斷崛起並擴大產能，黑松也在飲料產品上將走向行銷，對於較遠地區將委由充填廠生產。目前如台灣大型食品企業如統一()集團旗下的統一實業()也在大陸地區展開飲料代工充填業務，目前統一實業在中國大陸擁有8座廠區，除為統一企業在中國生產飲料之外，也將走向飲料代工服務，也已獲大陸涼茶品牌王老吉的訂單。,"[['黑松股價', '創', '1.2元敲定7/29除息黑松新低'], ['1.2元', '敲定', '7/29除息黑松'], ['圖', '爲', '黑松董事長張斌堂'], [')', '進入', '飲料市場旺季'], ['今天', '敲定', '1.2元'], ['其現金殖利率', '爲', '3.41%'], ['2014年營運獲利', '出現', '增長'], ['年增率', '達', '26.54%'], ['每股稅後盈餘', '爲', '0.98元'], ['黑松公司股東會', '決議', '配1.2元股息'], ['在營收', '爲', '13.31億元'], ['年增率', '達', '91.4%'], ['本業營運', '呈現', '好轉'], ['不僅', '生產', '本身'], ['黑松', '走向', '行銷'], ['統一實業', '展開', '充填業務'], ['統一實業', '擁有', '8座廠區'], ['統一企業', '走向', '飲料代工']]"
0,20150708_497,瓦城6月淡季不淡 營收年增近15% 旺季樂觀！連鎖餐飲集團瓦城()今(8)日公布6月自結合併營收達2.86億元，月減7.11%，但較去年同期持續成長14.96%，累計上半年合併營收已達17.18億元，年增21.15%，顯示在展店效益的挹注下，仍維持穩定的成長動能，進入暑期旺季後，瓦城已擴大徵才，為下半年加速展店提前布局，後市成長看俏。瓦城指出，5月以來兩岸展店效益顯見，加上6月端午連假商機帶動，6月淡季不淡，較去年同期成長近15%。瓦城延續5月底連開瓦城汐止、瓦城苗栗頭份店的積極腳步，6月在大陸市場成功跨出上海，於國家級產業園區「蘇州工業園區」的新光天地落成第5家店，由於獨創高品質精緻菜色，並提供時尚典雅的舒適用餐環境，獲得中高所得客層青睞，自開幕起每日人潮絡繹不斷。 瓦城在台灣、中國雙市場採並進策略，其中，年底前目標可達95店，為了展店需求，已擴大招募第一線菁英，強調集團具有公開透明的升遷制度和具競爭力的薪資待遇，吸引上百名生力軍。,"[['月', '減', '7.11%'], ['，', '累計', '上半年合併'], ['累計上半年合併營收', '達', '17.18億元'], ['年', '增', '21.15%'], ['瓦城', '擴大', '徵才'], ['瓦城', '指出', '兩岸展店效益顯見'], ['瓦城', '開', '積極腳步'], ['產業園區蘇州工業園區新光天地', '落成', '第5家店'], ['\xa0瓦城', '採', '策略'], ['目標', '可達', '95店'], ['集團', '具有', '升遷制度'], ['和', '具', '競爭力']]"
0,20150708_498,F-鈺齊6月營收報喜 連續2個月走高！入選公司治理成分股戶外休閒鞋大廠F-鈺齊()6月合併營收8.07億元，月增3.5%，連續2個月走高，但年減7.04%，累計上半年營收47.11億元，則較去年同期成長9.9%。另外公司獲證交所肯定，入選公司治理100檔指數成分股。F-鈺齊表示，隨著新廠區新產線陸續開出，整體產能持穩增長，6月營收較5月微幅成長，除產能增加外，客戶指定交期較為集中也是主因，然仍有部份產值因船期安排而需遞延至7月初認列營收，因此較去年同期減少。F-鈺齊進一步表示，目前全球戶外運動用品市場仍保持增長態勢，進一步帶動整體營運規模持續攀升，並造就上半營收較去年同期成長，隨著新廠區的資本性投入需求，還有新產線陸續開出所需面對的學習曲線，加上新品牌導入量產必經調整期，新廠效益逐步發酵，公司獲利跟著水漲船高。證交所首屆「公司治理100指數」成分股日前發佈，以4月30日公布公司治理評鑑結果前20%為主要篩選條件，加上流動性、三項財務指標包含每股淨值不低於面額、稅後淨利排名及營收成長率排名等條件後篩選出100檔成分股，F-鈺齊有幸成為該指數的成分股之一，顯示公司在推動公司治理五大構面努力獲得初步肯定，未來也將在善盡企業社會責任、提升資訊透明度、優化董事會運作、股東平等對待、及維護所有利害關係人及股東權益。,"[['月', '增', '3.5%'], ['8.07億元營收', '年減', '7.04%'], ['另外公司', '獲', '證交所肯定'], ['-F鈺齊', '表示', '減少'], ['營收', '較', '5月微幅成長'], ['部份產值', '需', '遞延'], ['F鈺齊', '表示', '運動用品市場保持增長態勢'], ['運動用品市場', '保持', '增長態勢'], ['上半營收', '較', '去年同期成長'], ['流動性', '包含', '100檔成分股'], ['F鈺齊', '成爲', '該指數'], ['公司', '善盡', '社會責任']]"
0,20150708_499,東貝6月合併營收6.03億元 Q2需求見底Q3可恢復成長東貝() 6月合併營收6.03億元，累計上半年營收45.3億元，較去年同期營收39.6億元成長14%，針對最近LED市場的低靡，東貝認為應屬短期現象，第2季底需求已見底，展望第3季的照明需求，在背光及照明產品需求逐月增加下，LED產業可望恢復成長。東貝表示，6月整體營收主要受歐美照明大廠Philips低價出清舊庫存影響，市場持續觀望氣氛，估計這只是市場短期失序現象，第3季可見訂單回籠；東貝說，Philips以低價拋售舊庫存，同時支持大力推廣半週光LED低價燈泡，以接近傳統節能燈泡(CFL)的零售價格提供給消費者，對整體照明市場的供需及消長，東貝對此表示樂觀態度。由於半週光LED燈泡價格相較於傳統節能燈泡(CFL)非常具有競爭力，一般家庭都可輕鬆消費得起，所以LED燈泡可以進一步取代傳統照明，東貝指出，將在第3季提前推出高性價比，且更具成本競爭優勢的新架構產品，以因應市場快速的變化，估計下半年就會有快速的成長表現。東貝表示，全球LED燈泡滲透率截至今年初只有大約10-13%，「既然有國際大廠願意支持，估計下半年LED照明滲透率即將倍增」，相當於一年可新創造10~12億顆燈泡的需求，所以最近LED市場的低靡應屬短期現象，第2季底需求已見底。展望第3季的照明需求，東貝說，正如同去年度的燈泡改版狀況，新一波的產品銷售週期即將從下半年開始啟動，其實市場觀望氣氛已逐漸清晰，加上第3季除球泡燈外，又有燈管及筒燈等其他新產品新訂單接棒，第3季在背光及照明產品需求逐月增溫下，LED產業營收可望恢復成長動能。東貝認為，由於整體第2季營收較去年同期成長，在產品組合較佳的狀況下，毛利率將有更好的提升。,"[['6.03億元Q2', '需求', '成長'], ['東貝', '認爲', '短期現象'], ['LED產業', '恢復', '成長'], ['東貝', '表示', '整體營收受Philips出清舊庫存影響'], ['整體營收', '受', 'Philips出清舊庫存影響'], ['Philips', '出清', '舊庫存影響'], ['市場', '觀望', '氣氛'], ['這', '只是', '失序現象'], ['東貝', '說', '拋售舊庫存'], ['以', '接近', '節能燈泡CFL'], ['東貝', '表示', '樂觀態度'], ['LED燈泡價格', '具有', '競爭力'], ['家庭', '得', '消費'], ['LED燈泡', '取代', '傳統照明'], ['東貝', '指出', '推出新架構產品'], ['東貝', '表示', 'LED燈泡滲透率只有大約10-13%'], ['LED燈泡滲透率', '只有', '大約10-13%'], ['可', '新創造', '~12億顆燈泡'], ['東貝', '說', '產品銷售週期開始啓動'], ['產品銷售週期', '開始', '啓動'], ['LED產業營收', '恢復', '成長動能'], ['東貝', '認爲', '毛利率有更好提升'], ['毛利率', '有', '更好提升']]"
